"","Site","ID","SampleDate","Latitude","Longitude","SoilC.kg.m2","SoilN.kg.m2","Roots.kg.m2","percentC","...1"
"1","Alkali Flat","A10",2016-07-08,40.09414684,-120.3433888,7.890251686,0.767969937,1.096108377,NA,NA
"2","Alkali Flat","A12",2016-07-08,40.0937404,-120.3429252,16.89787466,1.647039699,3.52153968,NA,NA
"3","Alkali Flat","A2",2016-07-08,40.09496072,-120.3445544,12.29394366,1.07403893,1.282680016,NA,NA
"4","Alkali Flat","A3",2016-07-08,40.09507086,-120.3448771,13.85880977,1.079776448,2.68779767,NA,NA
"5","Alkali Flat","A4",2016-07-08,40.0953105,-120.3446953,15.69134828,1.18157852,6.244319532,NA,NA
"6","Alkali Flat","A6",2016-07-08,40.09508595,-120.3440463,9.86958903,0.954303892,11.15348578,NA,NA
"7","Alkali Flat","A8",2016-07-08,40.09377879,-120.3434385,10.61331012,0.773036736,5.066586063,NA,NA
"8","Alkali Flat","A9",2016-07-08,40.09397417,-120.3436658,8.970592926,0.718835257,1.375965836,NA,NA
"9","Clover Valley","CV1",2016-11-05,39.9614702,-120.4134275,8.407014805,0.577489629,0.816250919,NA,NA
"10","Clover Valley","CV10",2016-11-05,39.96291071,-120.4135297,6.898781024,0.492419629,2.390449121,NA,NA
"11","Clover Valley","CV12",2016-11-05,39.96250327,-120.4139947,7.066865309,0.51572179,0.641340008,NA,NA
"12","Clover Valley","CV3",2016-11-05,39.96197512,-120.4131519,7.178125312,0.472916094,0.991161831,NA,NA
"13","Clover Valley","CV5",2016-11-05,39.96180673,-120.4136264,5.794871479,0.424686886,0.699643645,NA,NA
"14","Clover Valley","CV8",2016-11-05,39.96253445,-120.4134874,3.467868004,0.245200926,2.052446308,NA,NA
"15","Dotta","D1",2016-06-29,39.90285002,-120.369144,19.72784162,1.702103193,0.207943478,NA,NA
"16","Dotta","D10",2016-07-07,39.90626656,-120.3808085,14.42008401,0.939828653,2.612002942,NA,NA
"17","Dotta","D11",2016-07-07,39.90641098,-120.381115,7.543926984,0.491328502,2.938503309,NA,NA
"18","Dotta","D12",2016-07-07,39.90658399,-120.381405,6.900145408,0.404245285,1.76076984,NA,NA
"19","Dotta","D2",2016-06-29,39.902602,-120.368949,10.26610274,0.80435986,1.744917016,NA,NA
"20","Dotta","D3",2016-06-29,39.90238499,-120.368752,9.193797072,0.660691713,2.223232017,NA,NA
"21","Dotta","D4",2016-06-29,39.90252304,-120.368462,7.262524161,0.519744752,2.522917538,NA,NA
"22","Dotta","D5",2016-06-29,39.90274399,-120.368636,8.783139195,0.655006979,4.496401014,NA,NA
"23","Dotta","D6",2016-06-29,39.90298379,-120.3688082,11.0728706,0.818131558,1.244647198,NA,NA
"24","Dotta","D7",2016-07-07,39.90637503,-120.381626,9.777318716,0.677042671,2.775253126,NA,NA
"25","Dotta","D8",2016-07-07,39.90622348,-120.3813162,8.452499553,0.599027545,1.026144013,NA,NA
"26","Dotta","D9",2016-07-07,39.90608602,-120.3810322,9.915235922,0.718163687,4.914996607,NA,NA
"27","Big Flat","F1",2017-08-02,40.1495622,-120.45974,15.33807677,1.084178777,5.748738617,NA,NA
"28","Big Flat","F11",2017-08-02,40.14825848,-120.4612667,13.05454009,0.995118219,11.67238814,NA,NA
"29","Big Flat","F12",2017-08-02,40.14845227,-120.4610242,13.75530921,0.996136717,6.967284633,NA,NA
"30","Big Flat","F2",2017-08-02,40.14931435,-120.4599129,14.46804084,1.088486382,9.503492846,NA,NA
"31","Big Flat","F4",2017-08-02,40.14893163,-120.4597987,7.049353631,0.472454035,3.265003677,NA,NA
"32","Big Flat","F5",2017-08-02,40.14916884,-120.4596047,10.69430278,0.794952038,8.745545564,NA,NA
"33","Big Flat","F8",2017-08-02,40.14846073,-120.4615125,10.39102751,0.842214437,6.384248261,NA,NA
"34","Big Flat","F9",2017-08-02,40.14824959,-120.4617603,6.850823778,0.456503388,7.177177726,NA,NA
"35","Lower Clarks","LC1",2016-07-27,40.12300942,-120.5030499,9.138479577,0.714038937,3.113414221,NA,NA
"36","Lower Clarks","LC10",2016-07-27,40.12339767,-120.5046246,14.70904926,1.070590423,3.77224532,NA,NA
"37","Lower Clarks","LC12",2016-07-27,40.12289886,-120.5043605,7.147938721,0.630972635,1.784091295,NA,NA
"38","Lower Clarks","LC3",2016-07-27,40.12348308,-120.5033699,8.183320313,0.760528074,3.824718593,NA,NA
"39","Lower Clarks","LC4",2016-07-27,40.12336364,-120.5036824,9.280781858,0.667363198,1.282680016,NA,NA
"40","Lower Clarks","LC6",2016-07-27,40.12288084,-120.5033593,4.040703887,0.240178343,6.261810624,NA,NA
"41","Lower Clarks","LC7",2016-07-27,40.1230002,-120.5040419,8.78364274,0.69446457,6.704918266,NA,NA
"42","Lower Clarks","LC9",2016-07-27,40.12349842,-120.5043098,10.07449082,0.786080346,0.868724193,NA,NA
"43","Lower Dixie","LX1",2016-07-18,39.93990096,-120.338961,5.677460429,0.44984847,2.786913853,NA,NA
"44","Lower Dixie","LX10",2016-07-18,39.93799802,-120.33828,12.15962801,0.792538149,1.247697834,NA,NA
"45","Lower Dixie","LX11",2016-07-18,39.93820396,-120.338482,11.3471777,0.826650801,0.215723458,NA,NA
"46","Lower Dixie","LX12",2016-07-18,39.93839599,-120.33869,12.14995866,0.859558888,0.717134737,NA,NA
"47","Lower Dixie","LX2",2016-07-18,39.93969301,-120.338712,7.918917532,0.559482225,3.848040048,NA,NA
"48","Lower Dixie","LX3",2016-07-18,39.93953803,-120.338442,6.969885561,0.560948119,0.262366367,NA,NA
"49","Lower Dixie","LX4",2016-07-18,39.93929202,-120.338708,6.186286822,0.508734285,0.483920188,NA,NA
"50","Lower Dixie","LX5",2016-07-18,39.93949603,-120.338936,8.91038439,0.702989997,6.314283897,NA,NA
"51","Lower Dixie","LX6",2016-07-18,39.93969703,-120.339184,10.16310309,0.788162928,1.428439109,NA,NA
"52","Lower Dixie","LX7",2016-07-18,39.93859003,-120.338434,12.8026807,0.90287312,0.606357826,NA,NA
"53","Lower Dixie","LX8",2016-07-18,39.938355,-120.338213,14.47897647,1.037464105,0.145759093,NA,NA
"54","Lower Dixie","LX9",2016-07-18,39.93814697,-120.338016,8.424498018,0.609520557,0.903706375,NA,NA
"55","McReynolds","M1",2016-08-09,39.95647299,-120.496834,6.897615461,1.377460968,10.6520745,NA,NA
"56","McReynolds","M10",2016-08-09,39.95878103,-120.486974,23.01332402,1.67613551,3.56818259,NA,NA
"57","McReynolds","M11",2016-08-09,39.95906099,-120.48712,17.62138323,1.406933689,4.640969512,NA,NA
"58","McReynolds","M4",2016-08-09,39.95659696,-120.496731,4.355089526,0.438689232,3.988009217,NA,NA
"59","McReynolds","M5",2016-08-09,39.96023596,-120.488891,5.024347546,0.563543135,2.320484756,NA,NA
"60","McReynolds","M7",2016-08-09,39.960616,-120.488743,13.54147056,1.20844892,4.920826971,NA,NA
"61","McReynolds","M9",2016-08-09,39.95863896,-120.487278,15.05175886,1.265052277,10.29642231,NA,NA
"62","Poco","P1",2016-07-07,39.96934005,-120.5231581,7.664053632,0.533243208,4.186201143,NA,NA
"63","Poco","P10",2016-07-07,39.97230976,-120.5282042,6.450532828,0.499849084,1.008652921,NA,NA
"64","Poco","P11",2016-07-07,39.97209133,-120.5279566,4.554110268,0.34216377,1.684975112,NA,NA
"65","Poco","P3",2016-07-07,39.96953015,-120.5237733,7.998668129,0.524859582,0.874554556,NA,NA
"66","Poco","P5",2016-07-07,39.96969561,-120.5233141,6.941850828,0.517813565,6.564989537,NA,NA
"67","Poco","P6",2016-07-07,39.96957659,-120.5230065,6.022418827,0.589221451,8.197491375,NA,NA
"68","Poco","P7",2016-07-07,39.97169059,-120.5279623,3.843319514,0.370864951,2.565360032,NA,NA
"69","Poco","P9",2016-07-07,39.97208613,-120.5284366,6.654946254,0.585012565,2.01147548,NA,NA
"70","Upper Clarks","UC1",2016-08-04,40.12896904,-120.503472,11.25044291,0.823254369,6.634953901,NA,NA
"71","Upper Clarks","UC10",2016-08-04,40.13574597,-120.508032,12.09169661,0.956426421,10.79783359,NA,NA
"72","Upper Clarks","UC11",2016-08-04,40.135764,-120.508365,11.82362349,1.034946079,11.31673596,NA,NA
"73","Upper Clarks","UC4",2016-08-04,40.12885303,-120.503759,7.156007254,0.702811883,4.955809153,NA,NA
"74","Upper Clarks","UC6",2016-08-04,40.13476001,-120.506502,10.69491919,0.804331356,7.771874824,NA,NA
"75","Upper Clarks","UC7",2016-08-04,40.13472598,-120.506871,7.475499641,0.549624059,9.246956843,NA,NA
"76","Upper Clarks","UC9",2016-08-04,40.13546803,-120.508009,9.703267072,0.824023055,2.833556763,NA,NA
"77","Dixie","X1",2016-07-18,39.93496503,-120.333205,7.765580811,0.481508343,6.099675371,NA,NA
"78","Dixie","X10",2016-07-18,39.93350197,-120.332292,9.552680471,0.698334103,1.422608745,NA,NA
"79","Dixie","X11",2016-07-18,39.93341303,-120.332613,9.507988668,0.674649691,1.591689293,NA,NA
"80","Dixie","X12",2016-07-18,39.93366198,-120.332703,10.98886816,0.719009193,2.198047118,NA,NA
"81","Dixie","X2",2016-07-18,39.93470997,-120.333044,13.01429473,0.832611145,3.581439405,NA,NA
"82","Dixie","X3",2016-07-18,39.93454602,-120.333458,10.72550007,0.714785045,1.820258856,NA,NA
"83","Dixie","X4",2016-07-18,39.934845,-120.333505,13.21825736,0.822797559,1.711766606,NA,NA
"84","Dixie","X5",2016-07-18,39.93482203,-120.332041,9.975618668,0.607486326,1.877377115,NA,NA
"85","Dixie","X6",2016-07-18,39.93461601,-120.331804,14.09974835,1.084413876,2.040627299,NA,NA
"86","Dixie","X7",2016-07-18,39.93445599,-120.33211,15.31019986,0.980828418,5.474711523,NA,NA
"87","Dixie","X8",2016-07-18,39.934672,-120.332337,20.02309396,1.405231428,2.752441827,NA,NA
"88","Dixie","X9",2016-07-18,39.93374697,-120.332374,10.84734058,0.736746583,4.046272414,NA,NA
"89","Coyote","Y1",2016-07-08,40.110052,-120.4172487,8.305925057,0.564858338,1.148581651,NA,NA
"90","Coyote","Y10",2016-07-08,40.11158656,-120.4194028,14.28796483,0.960706337,1.387626562,NA,NA
"91","Coyote","Y12",2016-07-08,40.11144239,-120.41871,8.812512678,0.638887621,4.209522598,NA,NA
"92","Coyote","Y3",2016-07-08,40.11012996,-120.4179603,9.257846305,0.683473766,0.198232366,NA,NA
"93","Coyote","Y4",2016-07-08,40.11039759,-120.4178613,11.00853475,0.769514109,0.437277278,NA,NA
"94","Coyote","Y6",2016-07-08,40.11030765,-120.4171755,8.821579661,0.628496516,0.256536003,NA,NA
"95","Coyote","Y7",2016-07-08,40.11120024,-120.4188502,7.815537735,0.562677568,0.227384185,NA,NA
"96","Coyote","Y9",2016-07-08,40.1113419,-120.4195474,9.613114377,0.695717844,0.40812546,NA,NA
"97","Davies","DVG1",2016-09-22,39.504158,-120.097842,6.698083368,NA,0.117773347,NA,NA
"98","Davies","DVG5",2016-09-22,39.50439798,-120.099116,6.561562882,NA,0.066507302,NA,NA
"99","Davies","DVR3",2016-09-22,39.50389196,-120.097341,6.269515342,NA,0.912743438,NA,NA
"100","Davies","DVR5",2016-09-22,39.50397997,-120.098518,5.870663239,NA,0.692721413,NA,NA
"101","Dotta","DG1",2016-06-29,39.90285999,-120.36843,14.13677617,NA,4.219143043,NA,NA
"102","Dotta","DG5",2016-06-29,39.90276796,-120.368202,11.40140834,NA,2.630899772,NA,NA
"103","Dotta","DSG5",2016-06-29,39.90319602,-120.36797,8.209761817,NA,0.186688246,NA,NA
"104","Kyburz","KG2",2016-09-16,39.50670501,-120.233205,7.828920487,NA,1.451729697,NA,NA
"105","Kyburz","KG4",2016-09-16,39.50689604,-120.233186,7.647325851,NA,0.453427386,NA,NA
"106","Kyburz","KSG2",2016-09-16,39.50656202,-120.233528,9.980789039,NA,0.247324029,NA,NA
"107","Kyburz","KSG4",2016-09-16,39.50673896,-120.233491,11.81445665,NA,0.51231406,NA,NA
"108","McReynolds","MG1",2016-06-28,39.95630301,-120.496784,15.19366048,NA,5.112330183,NA,NA
"109","McReynolds","MG5",2016-06-28,39.95612204,-120.496686,16.69518236,NA,8.802866025,NA,NA
"110","McReynolds","MSG1",2016-06-28,39.95620804,-120.496047,4.981793759,NA,2.518892033,NA,NA
"111","McReynolds","MSG5",2016-06-28,39.956187,-120.495788,7.09431275,NA,2.776642124,NA,NA
"112","Perazzo","ZG1",2016-09-16,39.47856001,-120.384892,10.107264,NA,2.102254243,NA,NA
"113","Perazzo","ZG3",2016-09-16,39.47876201,-120.384714,10.25476069,NA,2.779450987,NA,NA
"114","Perazzo","ZR1",2016-09-16,39.47834903,-120.383887,5.503397201,NA,0.635976073,NA,NA
"115","Perazzo","ZR5",2016-09-16,39.47819003,-120.383726,12.43136994,NA,1.195399471,NA,NA
"116","Perazzo","ZSG2",2016-09-16,39.47850402,-120.384429,8.005272639,NA,0.647753408,NA,NA
"117","Perazzo","ZSG4",2016-09-16,39.47862798,-120.383954,10.20213845,NA,1.890262218,NA,NA
"118","Upper Clarks","UCG1",2016-08-19,40.13691097,-120.508828,9.736453948,NA,3.496396237,NA,NA
"119","Upper Clarks","UCG5",2016-08-19,40.13672196,-120.508761,8.566544307,NA,3.049983293,NA,NA
"120","Upper Clarks","UCSG2",2016-08-19,40.13715598,-120.508647,10.06810384,NA,4.556706875,NA,NA
"121","Upper Clarks","UCSG4",2016-08-19,40.13715598,-120.508408,10.42832544,NA,0.507897559,NA,NA
"122","Van Norden","NR2",2017-08-14,39.318036,-120.366214,5.375830352,NA,4.917037234,NA,NA
"123","Van Norden","NR4",2017-08-14,39.31784296,-120.366134,7.903479906,NA,3.491979737,NA,NA
"124","Upper Lacey","LASC1",2019-08-29,39.45151001,-120.434307,8.187737781,0.602818207,1.260174812,NA,NA
"125","Upper Lacey","LASC2",2019-08-29,39.45216598,-120.433713,7.89323547,0.706984685,0.924520774,NA,NA
"126","Upper Lacey","LASC3",2019-08-29,39.45264601,-120.432585,6.064611704,0.498818224,2.343689604,NA,NA
"127","Upper Lacey","LASC4",2019-08-29,39.45335797,-120.432288,7.757151803,0.719594319,1.925594223,NA,NA
"128","Upper Lacey","LASC6",2019-08-29,39.45563802,-120.43028,8.999654699,0.783280424,2.520349625,NA,NA
"129","Lower Bear Creek","LBSC1",2019-07-19,39.18634599,-120.208439,13.71192374,0.795992069,2.231804925,NA,NA
"130","Lower Bear Creek","LBSC2",2019-07-19,39.18611398,-120.20895,7.376070126,0.398764572,0.765526755,NA,NA
"131","Lower Bear Creek","LBSC3",2019-07-19,39.18654003,-120.209169,8.996407811,0.526545554,3.168103032,NA,NA
"132","Lower Bear Creek","LBSC4",2019-07-19,39.18424197,-120.210052,13.83354536,0.84450065,0.830302096,NA,NA
"133","Lower Bear Creek","LBSC5",2019-07-19,39.18405304,-120.210156,14.08568408,0.869223407,2.184695585,NA,NA
"134","Lower Bear Creek","LBSC6",2019-07-19,39.184204,-120.21036,15.05407103,0.80608201,2.838337661,NA,NA
"135","Lower Lacey","LLE3",2019-07-20,39.474604,-120.418731,9.71172803,0.919443205,3.009109014,NA,NA
"136","Lower Lacey","LLESC1",2019-07-20,39.46904697,-120.421071,10.86728281,1.028148399,7.137064823,NA,NA
"137","Lower Lacey","LLESC2",2019-07-20,39.47017903,-120.419731,13.91616058,1.312453935,7.343168181,NA,NA
"138","Lower Lacey","LLWSC1",2019-07-20,39.47227903,-120.424778,9.342796035,0.879479653,5.45879463,NA,NA
"139","Lower Lacey","LLWSC2",2019-07-20,39.47278203,-120.422937,10.59664519,0.828611939,9.839963135,NA,NA
"140","Lower Lacey","LLWSC3",2019-07-20,39.47439102,-120.418757,10.12777593,0.679659949,6.995736808,NA,NA
"141","Lower Perazzo","LPC1SC",2019-08-13,39.49437699,-120.323397,4.494553189,0.343838785,6.87796346,NA,NA
"142","Lower Perazzo","LPC2SC",2019-08-13,39.49442997,-120.323506,6.149810314,0.447320418,5.076031253,NA,NA
"143","Lower Perazzo","LPC3SC",2019-08-13,39.49450599,-120.323598,5.29915283,0.521439434,3.315319716,NA,NA
"144","Lower Perazzo","LPC4SC",2019-08-13,39.49452301,-120.323705,6.023423168,0.562344164,2.77356232,NA,NA
"145","Martis Wildlife","MWSC10",2019-07-13,39.29928199,-120.13364,1.595658382,0.1095451,1.925594222,NA,NA
"146","Martis Wildlife","MWSC12",2019-07-13,39.299297,-120.132947,10.7720733,0.820000125,6.583530093,NA,NA
"147","Martis Wildlife","MWSC14",2019-07-13,39.29956103,-120.132922,5.82928673,0.461381225,3.66275109,NA,NA
"148","Martis Wildlife","MWSC16",2019-07-13,39.299614,-120.134055,8.851223407,0.714571095,12.75485347,NA,NA
"149","Martis Wildlife","MWSC18",2019-07-13,39.29988901,-120.133615,12.58634423,1.002639074,7.531605536,NA,NA
"150","Martis Wildlife","MWSC2",2019-07-13,39.29878998,-120.133986,10.0200826,0.757990764,7.513939534,NA,NA
"151","Martis Wildlife","MWSC20",2019-07-13,39.29983503,-120.132924,9.665067332,0.793163964,12.38386743,NA,NA
"152","Martis Wildlife","MWSC22",2019-07-13,39.30014499,-120.133256,12.03326,0.937733671,19.35604957,NA,NA
"153","Martis Wildlife","MWSC24",2019-07-13,39.30014198,-120.133961,7.656375417,0.548236858,12.30731476,NA,NA
"154","Martis Wildlife","MWSC4",2019-07-13,39.29875997,-120.132971,12.12468948,0.825821721,6.206655382,NA,NA
"155","Martis Wildlife","MWSC6",2019-07-13,39.29894303,-120.132956,10.68012944,0.79096405,18.82606951,NA,NA
"156","Martis Wildlife","MWSC8",2019-07-13,39.29901796,-120.133627,6.209316215,0.440168276,16.76503594,NA,NA
"157","Bonita","BO11",2021-10-01,36.04088827,-118.333106,4.754508945,0.294754973,4.926657334,NA,NA
"158","Bonita","BO15",2021-10-01,36.03723108,-118.329915,10.19146695,0.821618856,7.445374456,NA,NA
"159","Bonita","BO17",2021-10-01,36.03738875,-118.330534,11.14675242,1.000899989,5.21817552,NA,NA
"160","Bonita","BO3",2021-10-01,36.04034033,-118.332705,6.044343057,0.362421793,5.26481843,NA,NA
"161","Osa","O15",2021-10-01,36.18121809,-118.308561,10.66634389,0.80492923,1.76076984,NA,NA
"162","Osa","O20",2021-10-01,36.18123009,-118.310256,8.934804662,0.661939234,3.235851859,NA,NA
"163","Osa","O4",2021-10-01,36.18078373,-118.308996,13.35271838,0.986994983,4.186201143,NA,NA
"164","Osa","O7",2021-10-01,36.1814894,-118.307975,16.763582,1.256696731,1.393456926,NA,NA
"165","Partnership","P18",2021-10-01,36.15656984,-118.27711,10.64378909,0.876139146,2.763592398,NA,NA
"166","Partnership","P4",2021-10-01,36.15781701,-118.274205,6.797659662,0.521421205,1.53921602,NA,NA
"167","Partnership","P5",2021-10-01,36.15807465,-118.274111,8.572298569,0.65879884,1.101938741,NA,NA
"168","Partnership","P7",2021-10-01,36.15752373,-118.273888,8.789826592,0.753494566,1.440099836,NA,NA
"169","Clover Valley","D13",2019-06-28,39.95544474,-120.4263173,NA,NA,3.234394268,NA,NA
"170","Clover Valley","D14",2019-06-28,39.95047473,-120.4264405,NA,NA,2.340891029,NA,NA
"171","Deer","DHA-A",2019-09-07,39.42841024,-120.6513898,6.450277825,NA,4.55132767,NA,NA
"172","Deer","DHA-B",2019-09-07,39.42879998,-120.6513985,2.399038017,NA,1.171424371,NA,NA
"173","Deer","DHA-C",2019-09-07,39.42921025,-120.649655,9.116635161,NA,2.19294555,NA,NA
"174","Deer","DHA-D",2019-09-07,39.42824501,-120.6509018,8.143058868,NA,3.173175449,NA,NA
"175","Loney","LHA-A",2019-08-22,39.42042051,-120.6554825,7.522263306,NA,3.975579254,NA,NA
"176","Loney","LHA-B",2019-08-22,39.4204955,-120.6549523,6.881675636,NA,2.882386059,NA,NA
"177","Loney","LHA-C",2019-08-22,39.42084,-120.6560708,7.63515886,NA,2.058847185,NA,NA
"178","Clover Valley","R25",2019-06-28,39.94547401,-120.4271855,NA,NA,2.630951624,NA,NA
"179","Clover Valley","R26",2019-06-28,39.941533,-120.4275425,NA,NA,0.917553489,NA,NA
"180","Sardine","SA1A",2021-10-10,39.51372401,-120.113295,10.97453787,0.889708602,2.594511851,NA,NA
"181","Sardine","SA1B",2021-10-10,39.51379098,-120.113413,9.567847684,0.719846344,1.824903841,NA,NA
"182","Sardine","SA2A",2021-10-10,39.51312496,-120.117378,8.138675402,0.595383932,1.154412015,NA,NA
"183","Sardine","SA2B",2021-10-10,39.51300702,-120.1174,10.61477938,0.7874172,0.606357826,NA,NA
"184","Sardine","SA3A",2021-10-10,39.51268499,-120.11738,8.475493443,0.67340055,1.206885287,NA,NA
"185","Sardine","SA3B",2021-10-10,39.51255499,-120.117293,4.140790012,0.355037144,0.851233101,NA,NA
"186","Sardine","SA4A",2021-10-10,39.51297702,-120.119807,3.517606347,0.266921286,1.422608745,NA,NA
"187","Sardine","SA4B",2021-10-10,39.51315698,-120.119772,9.77394929,0.705290289,1.294340744,NA,NA
"188","Sardine","SA4C",2021-10-10,39.51286001,-120.119931,10.17464436,0.733930578,3.486557498,NA,NA
"189","Sardine","SA5A",2021-10-10,39.51250101,-120.121565,6.596294559,0.516082426,1.148581651,NA,NA
"190","Sardine","SA5B",2021-10-10,39.51236103,-120.121547,4.554798479,0.374338681,0.489750552,NA,NA
"191","Bean","BE2",2019-07-15,37.75339282,-120.141393,6.257232033,0.382084395,2.034796934,NA,1
"192","Bean","BE20",2019-07-15,37.75377668,-120.143884,6.315393787,0.43553031,1.171903106,NA,2
"193","Bean","BE24",2019-07-15,37.75351333,-120.143522,5.567145459,0.346916588,1.381796199,NA,3
"194","Bean","BE4",2019-07-15,37.75376251,-120.141385,6.922441066,0.444743355,1.346814017,NA,4
"195","Bean","BE6",2019-07-15,37.75338843,-120.140897,4.739816028,0.323721432,2.139743481,NA,5
"196","Bean","BE8",2019-07-15,37.75263388,-120.142132,6.363660163,0.420222277,1.795752023,NA,6
"197","Bonita","BO11",2018-07-01,36.04088827,-118.333106,5.706779869,0.582592689,15.70116947,NA,7
"198","Bonita","BO13",2018-07-01,36.03774023,-118.329693,10.83863202,NA,6.016935348,NA,8
"199","Bonita","BO16",2018-07-01,36.03728437,-118.330227,9.326803249,0.605762799,10.41302958,NA,9
"200","Bonita","BO2",2018-07-01,36.04019003,-118.332431,3.351564021,0.606185941,7.410392274,NA,10
"201","Bonita","BO21",2018-07-01,36.03646599,-118.330256,15.34073151,0.941910732,7.894312463,NA,11
"202","Bonita","BO6",2018-07-01,36.0402798,-118.332006,8.354329842,0.554704817,14.84993637,NA,12
"203","Bonita","BO7",2018-07-01,36.04049153,-118.332985,9.983379077,0.585483429,8.763036654,NA,13
"204","Deer","D11",2018-07-01,39.42049541,-120.655402,17.25406778,1.18871298,9.67508045,NA,14
"205","Deer","D14",2018-07-01,39.42932558,-120.650599,15.90901963,0.953586099,8.603342993,NA,15
"206","Deer","D15",2018-07-01,39.42054608,-120.655742,15.38666844,1.157777891,5.576567977,NA,16
"207","Deer","D16",2018-07-01,39.42928175,-120.65011,18.11323076,1.313694769,1.960926226,NA,17
"208","Deer","D20",2018-07-01,39.42890242,-120.650167,13.99112051,NA,4.987701242,NA,18
"209","Deer","D20",2018-07-01,39.42890242,-120.650167,13.99112051,NA,4.987701242,NA,19
"210","Deer","D21",2018-07-01,39.42116249,-120.656298,20.96007043,1.513347353,5.129029259,NA,20
"211","Deer","D24",2018-07-01,39.42852742,-120.650225,21.45937666,1.213699493,8.279466288,NA,21
"212","East Creek","C1",2018-07-01,40.24418042,-120.900972,10.33608643,0.960896948,4.337790599,NA,22
"213","East Creek","C12",2018-07-01,40.24346585,-120.900515,9.97157474,1.166801731,0.437277278,NA,23
"214","East Creek","C14",2018-07-01,40.24376207,-120.90226,8.764816771,1.186569948,0.268196731,NA,24
"215","East Creek","C16",2018-07-01,40.24340594,-120.902429,11.85750587,0.973917848,1.673314384,NA,25
"216","East Creek","C21",2018-07-01,40.24314264,-120.902276,12.23277755,1.178862213,0.903706375,NA,26
"217","East Creek","C23",2018-07-01,40.24300747,-120.901803,6.978088187,0.882765025,1.80741275,NA,27
"218","East Creek","C5",2018-07-01,40.24382567,-120.901141,17.85788974,1.474143794,2.093100571,NA,28
"219","East Creek","C8",2018-07-01,40.2435983,-120.900989,6.575828645,1.015783239,1.101938741,NA,29
"220","Goodrich","R11",2018-07-01,40.3652384,-120.950044,6.312399301,0.875801497,0.892045648,NA,30
"221","Goodrich","R15",2018-07-01,40.36300816,-120.953197,15.27009938,1.168847437,0.542223825,NA,31
"222","Goodrich","R17",2018-07-01,40.36263427,-120.953173,14.96640347,1.172326096,0.180741275,NA,32
"223","Goodrich","R22",2018-07-01,40.36268228,-120.952682,14.31633102,1.121208173,0.787099101,NA,33
"224","Goodrich","R24",2018-07-01,40.3627108,-120.952175,13.37989338,1.132790677,0.075794728,NA,34
"225","Goodrich","R3",2018-07-01,40.36562882,-120.949073,12.12256193,1.307618139,0.763777646,NA,35
"226","Goodrich","R5",2018-07-01,40.365631,-120.94956,10.03114116,1.082685473,0.62967928,NA,36
"227","Goodrich","R7",2018-07-01,40.36563256,-120.950046,9.804460952,1.189671231,0.880384921,NA,37
"228","Greenville","V1",2018-07-01,40.23818046,-120.909457,9.999476007,0.983212459,1.206885288,NA,38
"229","Greenville","V12",2018-07-01,40.23787941,-120.910426,15.47609271,1.210972296,2.536208214,NA,39
"230","Greenville","V14",2018-07-01,40.23923895,-120.909829,13.37524014,1.16477769,2.874369309,NA,40
"231","Greenville","V21",2018-07-01,40.23927026,-120.910573,14.80664437,1.138889937,2.518717123,NA,41
"232","Greenville","V23",2018-07-01,40.23890324,-120.910805,12.6109549,1.049199928,4.157049325,NA,42
"233","Greenville","V5",2018-07-01,40.2383362,-120.909868,14.715686,1.280212576,0.839572375,NA,43
"234","Greenville","V8",2018-07-01,40.23824721,-120.910194,12.47409621,1.052210811,3.655638046,NA,44
"235","Loney","L10",2018-07-01,39.42075848,-120.655334,17.93376234,1.365167672,1.613494853,NA,45
"236","Loney","L11",2018-07-01,39.42299807,-120.6437,15.85924411,1.47949974,3.774635769,NA,46
"237","Loney","L4",2018-07-01,39.42012524,-120.654793,14.94021713,1.291312467,7.513939534,NA,47
"238","Loney","L5",2018-07-01,39.42228976,-120.645139,9.250491747,0.510477525,2.755857861,NA,48
"239","Loney","L6",2018-07-01,39.42070463,-120.654992,13.2373754,1.064684542,4.673691511,NA,49
"240","Loney","L7",2018-07-01,39.42301372,-120.644482,15.18910028,1.367197437,3.433093063,NA,50
"241","Martis Control","MC13",2018-07-01,39.30439386,-120.106014,20.62885501,1.450234495,7.802484234,NA,51
"242","Martis Control","MC15",2018-07-01,39.30384095,-120.10685,7.412203115,0.496638544,5.470571965,NA,52
"243","Martis Control","MC19",2018-07-01,39.30469082,-120.106923,15.83445291,1.068748662,5.205581934,NA,53
"244","Martis Control","MC21",2018-07-01,39.30454411,-120.106466,21.539195,1.534211297,4.21628582,NA,54
"245","Martis Control","MC23",2018-07-01,39.30434091,-120.107112,21.6339332,1.558433605,3.044441018,NA,55
"246","Martis Control","MC3",2018-07-01,39.30377892,-120.107947,26.52077539,2.084639084,3.474313734,NA,56
"247","Martis Control","MC7",2018-07-01,39.3034382,-120.108135,15.08366454,0.905932229,7.508050866,NA,57
"248","Martis Control","MC9",2018-07-01,39.30398804,-120.107308,16.21548602,1.137122618,5.182027265,NA,58
"249","Middle Martis","MM12",2018-07-01,39.30375737,-120.112489,19.28036844,1.40548193,7.142953491,NA,59
"250","Middle Martis","MM14",2018-07-01,39.30349845,-120.110056,14.64343233,1.006944152,5.28213461,NA,60
"251","Middle Martis","MM18",2018-07-01,39.30322014,-120.110415,19.06577503,1.336891056,11.56534267,NA,61
"252","Middle Martis","MM20",2018-07-01,39.30201298,-120.108478,8.549629111,0.692165102,2.249470926,NA,62
"253","Middle Martis","MM24",2018-07-01,39.30204346,-120.108973,10.08793014,0.725988467,3.178974418,NA,63
"254","Middle Martis","MM3",2018-07-01,39.30428043,-120.113822,19.39406545,1.384666404,6.12421404,NA,64
"255","Middle Martis","MM5",2018-07-01,39.30399766,-120.114133,22.45213794,1.62548579,7.481131244,NA,65
"256","Middle Martis","MM8",2018-07-01,39.30398376,-120.112171,15.94709147,1.177614424,7.54338287,NA,66
"257","Osa","O10",2018-07-01,36.18112893,-118.307414,7.127084525,0.705026744,1.294340743,NA,67
"258","Osa","O12",2018-07-01,36.18126411,-118.308058,13.76658577,0.838394511,4.349451327,NA,68
"259","Osa","O16",2018-07-01,36.18095129,-118.308515,5.538804479,0.768533958,0.437277278,NA,69
"260","Osa","O22",2018-07-01,36.18087268,-118.310153,7.610850703,0.8123724,3.037619493,NA,70
"261","Osa","O4",2018-07-01,36.18078373,-118.308996,11.76361398,0.74621823,1.690805476,NA,71
"262","Osa","O6",2018-07-01,36.18052454,-118.30958,14.19492354,1.051521728,1.498403473,NA,72
"263","Partnership","P10",2018-07-01,36.15833266,-118.274809,8.524418571,0.867981209,1.615010747,NA,73
"264","Partnership","P13",2018-07-01,36.15887679,-118.274212,8.544606226,0.842171005,6.104390803,NA,74
"265","Partnership","P14",2018-07-01,36.15861151,-118.274179,5.224910756,0.578527304,0.099116183,NA,75
"266","Partnership","P18",2018-07-01,36.15656984,-118.27711,10.18296593,0.857638713,5.684604616,NA,76
"267","Partnership","P2",2018-07-01,36.15754705,-118.274217,9.405279009,0.905099396,3.836379321,NA,77
"268","Partnership","P8",2018-07-01,36.15725521,-118.273898,9.498468955,0.772901158,7.981767918,NA,78
"269","Smith","S12",2019-07-15,37.76212504,-120.12188,7.419025687,0.501455946,2.810235308,NA,79
"270","Smith","S16",2019-07-15,37.76193701,-120.120841,10.13654779,0.685658314,1.545046382,NA,80
"271","Smith","S18",2019-07-15,37.76014601,-120.119534,7.866298306,0.536982204,2.1688953,NA,81
"272","Smith","S22",2019-07-15,37.76050971,-120.119759,6.996911233,NA,0.787099101,NA,82
"273","Smith","S4",2019-07-15,37.76149567,-120.12077,6.426668791,0.410425516,3.00263731,NA,83
"274","Smith","S8",2019-07-15,37.76122651,-120.119777,7.23995932,0.500441746,2.821896035,NA,84
"275","Upper Loney","UL10",2018-07-01,39.42324197,-120.643852,15.03219375,1.07659142,11.18846796,NA,85
"276","Upper Loney","UL14",2018-07-01,39.42267443,-120.644653,14.51396979,1.040583562,8.962551701,NA,86
"277","Upper Loney","UL3",2018-07-01,39.42899305,-120.651146,12.27744346,0.938932118,11.58889734,NA,87
"278","Upper Loney","UL7",2018-07-01,39.42823706,-120.65126,16.74326325,1.364780963,6.98984814,NA,88
"279","Upper Loney","UL8",2018-07-01,39.42290416,-120.644794,10.06993321,0.630258753,2.897224335,NA,89
"280","Upper Loney","UL9",2018-07-01,39.42856751,-120.650712,7.503549489,0.543794165,4.01607113,NA,90
"281","Bean","BE2",2016-06-01,37.75339282,-120.141393,23.82526814,NA,0,7.132436418,1
"282","Bean","BE20",2016-06-01,37.75377668,-120.143884,7.066598423,NA,0,2.148890233,2
"283","Bean","BE24",2016-06-01,37.75351333,-120.143522,6.023794789,NA,0,1.926459589,3
"284","Bean","BE4",2016-06-01,37.75376251,-120.141385,5.263597523,NA,0,1.730008962,4
"285","Bean","BE6",2016-06-01,37.75338843,-120.140897,5.070618307,NA,0,1.437154574,5
"286","Bean","BE8",2016-06-01,37.75263388,-120.142132,8.994209763,NA,0.36148255,2.641511981,6
"287","Bonita","BO11",2016-07-13,36.04088827,-118.333106,13.70369253,NA,7.474526275,6.528450976,7
"288","Bonita","BO13",2016-07-13,36.03774023,-118.329693,9.023286962,NA,4.664290967,11.55832664,8
"289","Bonita","BO16",2016-07-13,36.03728437,-118.330227,7.272930238,NA,6.308453533,7.722145246,9
"290","Bonita","BO17",2016-07-13,36.03738875,-118.330534,15.28571559,NA,NA,6.652211689,10
"291","Bonita","BO2",2016-07-13,36.04019003,-118.332431,9.149498322,NA,2.098930935,3.80052937,11
"292","Bonita","BO21",2016-07-13,36.03646599,-118.330256,17.87685768,NA,4.145388597,10.27623386,12
"293","Bonita","BO6",2016-07-13,36.0402798,-118.332006,11.22827825,NA,4.506871147,7.525786853,13
"294","Bonita","BO7",2016-07-13,36.04049153,-118.332985,10.17341492,NA,5.7837208,7.275358463,14
"295","Deer","D11",2016-07-13,39.42049541,-120.655402,15.36029841,NA,4.466058601,12.68443219,15
"296","Deer","D12",2016-07-13,39.42802454,-120.651048,15.31258447,NA,2.302993665,14.57415042,16
"297","Deer","D14",2016-07-13,39.42932558,-120.650599,15.47850049,NA,1.364305108,10.03017655,17
"298","Deer","D15",2016-07-13,39.42054608,-120.655742,16.38317721,NA,0.938688557,7.594368546,18
"299","Deer","D16",2016-07-13,39.42928175,-120.65011,17.20538872,NA,1.545046383,9.593619084,19
"300","Deer","D20",2016-07-13,39.42890242,-120.650167,15.93460375,NA,1.609180384,7.789854527,20
"301","Deer","D20",2016-07-13,39.42890242,-120.650167,15.93460375,NA,1.609180384,7.789854527,21
"302","Deer","D21",2016-07-13,39.42116249,-120.656298,13.44354158,NA,1.107769104,9.729834154,22
"303","Deer","D24",2016-07-13,39.42852742,-120.650225,14.77328205,NA,3.480727134,9.358348887,23
"304","East Creek","C1",2015-07-04,40.24418042,-120.900972,9.388781042,NA,0.958114454,4.284204864,24
"305","East Creek","C12",2015-07-04,40.24346585,-120.900515,11.6658849,NA,0.73010747,2.527008054,25
"306","East Creek","C14",2015-07-04,40.24376207,-120.90226,12.132928,NA,0,1.789176797,26
"307","East Creek","C16",2015-07-04,40.24340594,-120.902429,12.94747738,NA,0.623380797,4.816789112,27
"308","East Creek","C21",2015-07-04,40.24314264,-120.902276,6.676372952,NA,0.123705917,4.349883175,28
"309","East Creek","C23",2015-07-04,40.24300747,-120.901803,10.48476581,NA,0.220730165,2.459702315,29
"310","East Creek","C5",2015-07-04,40.24382567,-120.901141,9.716445153,NA,0.451162756,5.101197957,30
"311","East Creek","C8",2015-07-04,40.2435983,-120.900989,8.522558855,NA,0.325031233,1.639645823,31
"312","Goodrich","R11",2015-07-04,40.3652384,-120.950044,6.685136038,NA,1.789921659,1.944773689,32
"313","Goodrich","R15",2015-07-04,40.36300816,-120.953197,11.41231139,NA,0,3.637387052,33
"314","Goodrich","R17",2015-07-04,40.36263427,-120.953173,13.06467748,NA,5.293970248,4.268652426,34
"315","Goodrich","R22",2015-07-04,40.36268228,-120.952682,12.02649479,NA,1.096108378,4.002974896,35
"316","Goodrich","R24",2015-07-04,40.3627108,-120.952175,13.16289681,NA,0.483920188,3.973444726,36
"317","Goodrich","R3",2015-07-04,40.36562882,-120.949073,15.51839201,NA,2.37295803,4.082942661,37
"318","Goodrich","R5",2015-07-04,40.365631,-120.94956,12.3842364,NA,0.174910911,3.39224127,38
"319","Goodrich","R7",2015-07-04,40.36563256,-120.950046,12.75677349,NA,0.979501103,3.33268935,39
"320","Greenville","V1",2015-07-04,40.23818046,-120.909457,11.73377377,NA,1.687866506,4.176728774,40
"321","Greenville","V12",2015-07-04,40.23787941,-120.910426,13.20989354,NA,2.153971901,4.834922199,41
"322","Greenville","V14",2015-07-04,40.23923895,-120.909829,13.58251433,NA,0,5.20888689,42
"323","Greenville","V21",2015-07-04,40.23927026,-120.910573,16.83028248,NA,2.298747061,6.761000708,43
"324","Greenville","V23",2015-07-04,40.23890324,-120.910805,15.11993081,NA,1.451282707,5.721490525,44
"325","Greenville","V5",2015-07-04,40.2383362,-120.909868,16.5387401,NA,1.366536272,6.282330371,45
"326","Greenville","V8",2015-07-04,40.23824721,-120.910194,12.70597988,NA,0.858057659,5.413309131,46
"327","Loney","L10",2016-07-03,39.42075848,-120.655334,13.5849345,NA,3.259173313,10.83792182,47
"328","Loney","L11",2016-07-03,39.42299807,-120.6437,16.01180989,NA,5.608809888,10.23975036,48
"329","Loney","L4",2016-07-03,39.42012524,-120.654793,9.384489833,NA,7.188838454,8.198680623,49
"330","Loney","L5",2016-07-03,39.42228976,-120.645139,14.42026777,NA,5.288139885,8.180362042,50
"331","Loney","L6",2016-07-03,39.42070463,-120.654992,12.20849529,NA,9.456849936,7.485004481,51
"332","Loney","L7",2016-07-03,39.42301372,-120.644482,12.81621075,NA,6.611632446,8.657938502,52
"333","Martis Control","MC13",2016-06-01,39.30439386,-120.106014,13.63563534,NA,1.323492562,8.68530765,53
"334","Martis Control","MC15",2016-06-01,39.30384095,-120.10685,5.268924604,NA,1.667484021,1.84549365,54
"335","Martis Control","MC19",2016-06-01,39.30469082,-120.106923,14.00687731,NA,1.183563833,6.3311409,55
"336","Martis Control","MC21",2016-06-01,39.30454411,-120.106466,13.29092338,NA,0.029151818,7.02391005,56
"337","Martis Control","MC23",2016-06-01,39.30434091,-120.107112,18.06619916,NA,1.661653657,10.1630741,57
"338","Martis Control","MC3",2016-06-01,39.30377892,-120.107947,14.32069179,NA,0.239044912,8.56356555,58
"339","Martis Control","MC7",2016-06-01,39.3034382,-120.108135,15.48259551,NA,2.273841846,7.52680485,59
"340","Martis Control","MC9",2016-06-01,39.30398804,-120.107308,14.18779661,NA,0.139928729,10.14777835,60
"341","Middle Martis","MM12",2016-06-01,39.30375737,-120.112489,16.4197747,NA,2.489565304,11.90330405,61
"342","Middle Martis","MM14",2016-06-01,39.30349845,-120.110056,7.465773037,NA,0.565545279,5.15115795,62
"343","Middle Martis","MM18",2016-06-01,39.30322014,-120.110415,13.10435404,NA,2.553699305,8.7186971,63
"344","Middle Martis","MM20",2016-06-01,39.30201298,-120.108478,4.700366543,NA,0.058303637,3.09526765,64
"345","Middle Martis","MM24",2016-06-01,39.30204346,-120.108973,10.48893833,NA,0.507241643,4.5112227,65
"346","Middle Martis","MM3",2016-06-01,39.30428043,-120.113822,14.44262817,NA,0.244875276,8.48700235,66
"347","Middle Martis","MM5",2016-06-01,39.30399766,-120.114133,17.78773735,NA,0.466429096,8.0085149,67
"348","Middle Martis","MM8",2016-06-01,39.30398376,-120.112171,11.42969551,NA,0.99116183,7.61496395,68
"349","Osa","O10",2016-07-13,36.18112893,-118.307414,7.647737816,NA,1.381796199,3.552660322,69
"350","Osa","O12",2016-07-13,36.18126411,-118.308058,11.51694972,NA,1.410948018,9.714485542,70
"351","Osa","O16",2016-07-13,36.18095129,-118.308515,9.466396481,NA,1.078617286,3.284601503,71
"352","Osa","O22",2016-07-13,36.18087268,-118.310153,10.02784299,NA,5.538845524,3.991478774,72
"353","Osa","O4",2016-07-13,36.18078373,-118.308996,11.77197375,NA,0.845402738,8.244079726,73
"354","Osa","O6",2016-07-13,36.18052454,-118.30958,11.70990831,NA,0.583036371,6.390837231,74
"355","Partnership","P10",2016-07-13,36.15833266,-118.274809,10.03839913,NA,1.358474744,3.957380243,75
"356","Partnership","P13",2016-07-13,36.15887679,-118.274212,8.377516303,NA,0.15741982,3.123445936,76
"357","Partnership","P18",2016-07-13,36.15656984,-118.27711,8.855159844,NA,2.524547486,4.609022706,77
"358","Partnership","P2",2016-07-13,36.15754705,-118.274217,11.09598985,NA,NA,3.970793943,78
"359","Partnership","P22",2016-07-13,36.15694296,-118.277125,8.795278254,NA,0.612188189,3.652212367,79
"360","Partnership","P8",2016-07-13,36.15725521,-118.273898,9.535551667,NA,0.104946547,4.210560749,80
"361","Smith","S12",2016-06-01,37.76212504,-120.12188,7.498274507,NA,0,2.489694658,81
"362","Smith","S16",2016-06-01,37.76193701,-120.120841,13.30616695,NA,2.786913853,4.078385444,82
"363","Smith","S18",2016-06-01,37.76014601,-120.119534,6.50785231,NA,0,2.019935753,83
"364","Smith","S2",2016-06-01,37.76116716,-120.120232,5.015318577,NA,0,1.376884671,84
"365","Smith","S22",2016-06-01,37.76050971,-120.119759,5.500667809,NA,0.093285819,1.500654881,85
"366","Smith","S8",2016-06-01,37.76122651,-120.119777,9.316829659,NA,0,2.838441815,86
"367","Upper Loney","UL10",2016-07-18,39.42324197,-120.643852,6.539661512,NA,1.410948018,11.60517505,87
"368","Upper Loney","UL14",2016-07-19,39.42267443,-120.644653,6.662424396,NA,2.093100572,11.37938216,88
"369","Upper Loney","UL16",2016-07-20,39.42226906,-120.644583,5.21669984,NA,0.303178913,5.0560298,89
"370","Upper Loney","UL3",2016-07-15,39.42899305,-120.651146,8.800514798,NA,2.658645851,18.59956297,90
"371","Upper Loney","UL7",2016-07-16,39.42823706,-120.65126,6.513737017,NA,1.078617286,8.417655462,91
"372","Upper Loney","UL8",2016-07-17,39.42290416,-120.644794,4.244995012,NA,0.635509644,5.187412685,92
"373","Tahoe Keys","KP 1",2021-10-18,38.94009799,-120.003337,4.185650158,0.291395534,2.063710238,NA,NA
"374","Tahoe Keys","KP 2",2021-10-18,38.93993899,-120.003419,1.843352681,0.149551431,1.632501839,NA,NA
"375","Tahoe Keys","KP 3",2021-10-18,38.93986196,-120.003591,1.548009931,0.126082181,0.536393462,NA,NA
"376","Tahoe Keys","KP 4",2021-10-18,38.94011501,-120.003263,2.797583351,0.184643538,5.953792509,NA,NA
"377","Tahoe Keys","KP 5",2021-10-18,38.94003798,-120.003439,1.542584482,0.12888333,0.390634369,NA,NA
"378","Tahoe Keys","KP 6",2021-10-18,38.939956,-120.003649,1.446266955,0.127085094,0.40812546,NA,NA
"379","Tahoe Keys","KP Tree 1",2021-10-18,38.94005902,-120.002965,2.900234247,0.181240543,2.757762034,NA,NA
"380","Tahoe Keys","KP Tree 2",2021-10-18,38.94047099,-120.002835,3.425951008,0.258366093,1.142751287,NA,NA
"381","Tahoe Keys","KP Tree 4",2021-10-18,38.93969801,-120.004472,1.277676121,0.124969057,0.186571639,NA,NA
"382","Upper Truckee Marsh","UTM 1",2021-10-18,38.938748,-120.001462,3.910807648,0.290483485,0.530563097,NA,NA
"383","Upper Truckee Marsh","UTM 2",2021-10-18,38.93804904,-120.001171,6.66271906,0.494363707,1.381796199,NA,NA
"384","Upper Truckee Marsh","UTM 3",2021-10-18,38.93807703,-120.000708,6.522408788,0.483904951,1.877377115,NA,NA
"385","Upper Truckee Marsh","UTM 4",2021-10-18,38.93809002,-120.000014,9.858542159,0.775125343,1.766600204,NA,NA
"386","Upper Truckee Marsh","UTM 5",2021-10-18,38.93842597,-119.999274,10.64810311,0.78676679,0.705474009,NA,NA
"387","Upper Truckee Marsh","UTM 6",2021-10-18,38.938718,-119.999877,7.577850401,0.502992222,1.4459302,NA,NA
"388","Upper Truckee Marsh","UTM 7",2021-10-18,38.936993,-120.001067,8.124580409,0.531424418,3.060940947,NA,NA
"389","Upper Truckee Marsh","UTM10",2021-10-18,38.93731906,-120.001272,4.776407617,0.382522752,2.856878218,NA,NA
"390","Upper Truckee Marsh","UTM11",2021-10-18,38.93669926,-120.001488,3.049269898,0.262160275,0.466429097,NA,NA
"391","Upper Truckee Marsh","UTM12",2021-10-18,38.93607182,-120.001015,5.623041389,0.499189166,1.539216019,NA,NA
"392","Upper Truckee Marsh","UTM13",2021-10-18,38.9354848,-120.000883,6.209895864,0.546014346,1.240648394,NA,NA
"393","Upper Truckee Marsh","UTM14",2021-10-18,38.93760603,-120.001889,3.188729701,0.292463235,1.217692283,NA,NA
"394","Upper Truckee Marsh","UTM8",2021-10-18,38.93807904,-120.002303,5.705847622,0.372405897,1.498403473,NA,NA
"395","Upper Truckee Marsh","UTM9",2021-10-18,38.93782224,-120.001457,4.759829693,0.422946027,1.702466203,NA,NA
"396","Upper Truckee Marsh","UTMC1",2021-10-18,38.93642798,-120.001982,4.452234643,0.321299986,0.483920187,NA,NA
"397","Upper Truckee Marsh","UTMC2",2021-10-18,38.93666803,-120.002111,3.551687574,0.291168902,0.47225946,NA,NA
"398","Upper Truckee Marsh","UTMC3",2021-10-18,38.93685302,-120.002202,1.849484341,0.137243032,0.256536003,NA,NA
"399","Upper Lacey","ULA1",2021-10-15,39.45528496,-120.430683,8.819243801,0.739646207,1.043635103,NA,NA
"400","Upper Lacey","ULA2",2021-10-15,39.45519997,-120.430439,8.565936473,0.675654355,1.323492562,NA,NA
"401","Upper Lacey","ULA3",2021-10-15,39.45364303,-120.432238,7.491941157,0.643102334,0.069964364,NA,NA
"402","Upper Lacey","ULA4",2021-10-15,39.45354798,-120.431887,4.456634669,0.339008294,0.040812546,NA,NA
"403","Upper Lacey","ULA5",2021-10-15,39.45251198,-120.433988,18.74439002,1.838835535,1.066956559,NA,NA
"404","Upper Lacey","ULA6",2021-10-15,39.45229598,-120.433845,9.400822657,0.872396664,0.577206008,NA,NA
"405","Van Norden","NC1",2021-07-01,39.31943518,-120.373859,5.163908748,0.354080227,6.500855535,2.173880195,NA
"406","Van Norden","NC1",2022-07-06,39.31943518,-120.373859,4.458376626,0.28484386,1.615010747,4.636460526,NA
"407","Van Norden","NC10",2021-07-01,39.31978512,-120.375709,7.0549608,0.422573131,0.845402738,2.648628483,NA
"408","Van Norden","NC10",2022-07-06,39.31978512,-120.375709,1.555692008,0.151241868,1.486742746,1.218268952,NA
"409","Van Norden","NC2",2022-07-06,39.31957617,-120.373989,3.17257668,0.213637356,2.582851123,2.796153311,NA
"410","Van Norden","NC3",2021-07-01,39.31948816,-120.3741231,7.905192932,0.480104191,3.778075684,2.872346734,NA
"411","Van Norden","NC3",2022-07-06,39.31948816,-120.3741231,1.285939363,0.117802557,3.894682958,1.338226041,NA
"412","Van Norden","NC4",2022-07-06,39.31938212,-120.37401,1.659443266,0.203177513,1.684975112,1.305062362,NA
"413","Van Norden","NC5",2021-07-01,39.31926419,-120.37391,3.590637039,0.254086687,1.504233837,1.873351876,NA
"414","Van Norden","NC5",2022-07-06,39.31926419,-120.37391,1.669666318,0.156755698,2.332145484,2.349166302,NA
"415","Van Norden","NC6",2021-07-01,39.31971312,-120.375465,10.68440507,0.703052404,1.708296567,4.58193024,NA
"416","Van Norden","NC6",2022-07-06,39.31971312,-120.375465,3.821002118,0.324475804,1.218546015,3.39795302,NA
"417","Van Norden","NC7",2022-07-06,39.31983818,-120.375549,2.155858114,0.193118258,6.745730811,1.862527782,NA
"418","Van Norden","NC8",2021-07-01,39.31995218,-120.375636,7.241051263,0.453525503,2.489565304,2.806941399,NA
"419","Van Norden","NC8",2022-07-06,39.31995218,-120.375636,1.25030671,0.14053107,3.958816958,1.255349157,NA
"420","Van Norden","NC9",2022-07-06,39.3198842,-120.375779,2.083062018,0.194811189,1.708296567,2.140233435,NA
"421","Van Norden","G14",2021-07-01,39.31315364,-120.3709565,7.460745985,0.772048242,1.719957294,4.869869498,NA
"422","Van Norden","H7",2021-07-01,39.31766474,-120.3707197,8.578405994,0.878564995,2.868538945,4.915485775,NA
"423","Van Norden","H7",2023-09-13,39.31766474,-120.3707197,NA,NA,0.577206007,NA,NA
"424","Van Norden","I9",2021-07-01,39.31743986,-120.3745184,6.974511898,0.535328791,1.976493297,3.548130195,NA
"425","Van Norden","W32",2021-07-01,39.31606025,-120.3722608,8.09208257,0.858067171,1.236037106,4.196589477,NA
"426","Van Norden","W35",2021-07-01,39.31559693,-120.3706691,3.766741981,0.44987825,0.367312913,3.944386147,NA
"427","Van Norden","W36",2021-07-01,39.31536826,-120.373224,6.520326637,0.613101124,0.36148255,2.455620133,NA
"428","Van Norden","W9",2021-07-01,39.31462464,-120.3719645,2.554876756,0.25607696,1.096108377,3.198331588,NA
"429","Van Norden","NN1",2022-07-06,39.31662787,-120.3623811,1.419360995,0.154711857,3.416593134,3.060098521,NA
"430","Van Norden","NN10",2021-07-01,39.31631346,-120.3651832,7.461718973,0.567766352,2.12225239,3.374576453,NA
"431","Van Norden","NN10",2022-07-06,39.31631346,-120.3651832,2.176452389,0.23689853,3.620655863,1.961850987,NA
"432","Van Norden","NN2",2021-07-01,39.3162669,-120.3626729,11.63394484,1.016459816,2.792744217,5.181514312,NA
"433","Van Norden","NN2",2022-07-06,39.3162669,-120.3626729,1.336849537,0.147570003,1.171903106,1.180989793,NA
"434","Van Norden","NN3",2021-07-01,39.31546959,-120.3632974,5.76741449,0.469878367,4.355281691,2.447889097,NA
"435","Van Norden","NN3",2022-07-06,39.31546959,-120.3632974,1.958146177,0.279125569,3.340798405,1.82689667,NA
"436","Van Norden","NN4",2022-07-06,39.31514604,-120.3635538,2.816126384,0.364818323,1.101938741,2.050100668,NA
"437","Van Norden","NN5",2021-07-01,39.31488082,-120.3636826,7.463073756,0.751342928,1.317662198,3.270316609,NA
"438","Van Norden","NN5",2022-07-06,39.31488082,-120.3636826,3.70039681,0.514879914,1.224376379,3.873429239,NA
"439","Van Norden","NN6",2022-07-06,39.31776718,-120.3643626,3.821677572,0.349139568,4.215352962,4.688630687,NA
"440","Van Norden","NN7",2021-07-01,39.31751453,-120.3645024,8.201095389,0.768499034,4.192031507,5.064010495,NA
"441","Van Norden","NN7",2022-07-06,39.31751453,-120.3645024,2.306329645,0.216184909,3.987968777,4.667137021,NA
"442","Van Norden","NN8",2021-07-01,39.31716238,-120.3647212,7.201156161,0.519585512,4.559344421,4.422879007,NA
"443","Van Norden","NN8",2022-07-06,39.31716238,-120.3647212,4.387403337,0.389795708,3.56818259,5.536129761,NA
"444","Van Norden","NN9",2022-07-06,39.31691695,-120.3648593,3.247459483,0.292518223,4.104576051,2.706217383,NA
"445","Van Norden","NS1",2021-07-01,39.31302811,-120.3646516,5.681179132,0.377101928,5.054925336,2.518412449,NA
"446","Van Norden","NS1",2022-07-06,39.31302811,-120.3646516,1.546193321,0.166420694,3.387441315,1.5122489,NA
"447","Van Norden","NS10",2021-07-01,39.31165102,-120.3681901,10.10153055,0.742428721,0.588866735,5.038293805,NA
"448","Van Norden","NS10",2022-07-06,39.31165102,-120.3681901,5.989806862,0.501661377,0.92702783,5.847063887,NA
"449","Van Norden","NS2",2022-07-06,39.31268802,-120.3647665,1.962032819,0.193951539,4.897505516,3.407120637,NA
"450","Van Norden","NS3",2021-07-01,39.31210227,-120.3649675,11.72381001,1.225096141,1.125260196,6.778576703,NA
"451","Van Norden","NS3",2022-07-06,39.31210227,-120.3649675,4.830922979,0.570722212,2.442922394,5.51487886,NA
"452","Van Norden","NS4",2022-07-06,39.31179049,-120.3650652,6.844130758,0.68378972,1.486742746,6.296253788,NA
"453","Van Norden","NS5",2021-07-01,39.31142099,-120.3651835,7.104989076,0.651059212,1.125260196,5.026246554,NA
"454","Van Norden","NS5",2022-07-06,39.31142099,-120.3651835,5.684896919,0.464614417,2.128082754,7.899033333,NA
"455","Van Norden","NS6",2021-07-01,39.31312936,-120.3670585,4.761300254,0.297874269,3.165887494,2.131528796,NA
"456","Van Norden","NS6",2022-07-06,39.31312936,-120.3670585,0.525454413,0.083220874,3.585673681,0.737870987,NA
"457","Van Norden","NS7",2022-07-06,39.31297158,-120.3672171,1.660845461,0.173430739,5.212345156,1.959047002,NA
"458","Van Norden","NS8",2021-07-01,39.31244672,-120.3676056,6.80514998,0.79681009,5.801211891,4.80358007,NA
"459","Van Norden","NS8",2022-07-06,39.31244672,-120.3676056,3.411871281,0.400038026,5.94114062,3.827455575,NA
"460","Van Norden","NS9",2022-07-06,39.31198879,-120.3679579,6.149433502,0.674870083,2.722779852,8.481577381,NA
