Unnamed: 0,Site,ID,SampleDate,Latitude,Longitude,SoilC.kg.m2,SoilN.kg.m2,Roots.kg.m2,percentC,...1,Blue,Green,Red,NIR,SWIR_1,SWIR_2,Flow,Elevation,Slope,Minimum_temperature,Maximum_temperature,peak_date
1,Alkali Flat,A10,2016-07-08,40.09414684,-120.3433888,7.890251686,0.767969937,1.096108377,,,43137,40553,39936,38260,17724,18901,586,1744,0.9274099368611016,282.3999938964844,297.8999938964844,2016-01-28
2,Alkali Flat,A12,2016-07-08,40.0937404,-120.3429252,16.89787466,1.647039699,3.52153968,,,40378,38593,38850,38587,28322,22869,586,1746,2.5943974536711933,282.3999938964844,297.8999938964844,2016-04-24
3,Alkali Flat,A2,2016-07-08,40.09496072,-120.3445544,12.29394366,1.07403893,1.282680016,,,42897,41206,40386,38466,18212,19312,586,1742,1.5261562093981222,282.3999938964844,297.8999938964844,2016-01-28
4,Alkali Flat,A3,2016-07-08,40.09507086,-120.3448771,13.85880977,1.079776448,2.68779767,,,42949,41127,40368,38474,17990,19156,586,1742,0.9274099368611016,282.3999938964844,297.8999938964844,2016-01-28
5,Alkali Flat,A4,2016-07-08,40.0953105,-120.3446953,15.69134828,1.18157852,6.244319532,,,42463,41506,41478,39765,12762,12868,586,1743,1.8543341688295631,282.3999938964844,297.8999938964844,2016-02-04
6,Alkali Flat,A6,2016-07-08,40.09508595,-120.3440463,9.86958903,0.954303892,11.15348578,,,43057,41329,40569,38569,18289,19438,586,1743,0.9274099368611016,282.3999938964844,297.8999938964844,2016-01-28
7,Alkali Flat,A8,2016-07-08,40.09377879,-120.3434385,10.61331012,0.773036736,5.066586063,,,40234,38474,38711,38410,28208,22789,586,1743,3.7483012687025603,282.3999938964844,297.8999938964844,2016-04-24
8,Alkali Flat,A9,2016-07-08,40.09397417,-120.3436658,8.970592926,0.718835257,1.375965836,,,40327,38842,38984,38560,28924,23233,586,1744,2.2149593993433547,282.3999938964844,297.8999938964844,2016-04-24
9,Clover Valley,CV1,2016-11-05,39.9614702,-120.4134275,8.407014805,0.577489629,0.816250919,,,49745,47279,46687,44292,17469,19116,502,1677,1.5242738703161387,271.0,291.0,2016-01-28
10,Clover Valley,CV10,2016-11-05,39.96291071,-120.4135297,6.898781024,0.492419629,2.390449121,,,50225,47646,47007,44674,17753,19352,4,1676,1.209914162712375,272.1000061035156,290.1000061035156,2016-01-28
11,Clover Valley,CV12,2016-11-05,39.96250327,-120.4139947,7.066865309,0.51572179,0.641340008,,,50240,48325,47604,44998,18324,19914,502,1678,1.5242894664134066,272.1000061035156,290.1000061035156,2016-01-28
12,Clover Valley,CV3,2016-11-05,39.96197512,-120.4131519,7.178125312,0.472916094,0.991161831,,,49755,47358,46666,44296,17936,19434,502,1677,0.0,271.0,291.0,2016-01-28
13,Clover Valley,CV5,2016-11-05,39.96180673,-120.4136264,5.794871479,0.424686886,0.699643645,,,50065,47760,47061,44605,17918,19546,502,1676,2.4187109609343658,271.0,291.0,2016-01-28
14,Clover Valley,CV8,2016-11-05,39.96253445,-120.4134874,3.467868004,0.245200926,2.052446308,,,49884,47596,46798,44444,18013,19563,502,1676,0.0,272.1000061035156,290.1000061035156,2016-01-28
15,Dotta,D1,2016-06-29,39.90285002,-120.369144,19.72784162,1.702103193,0.207943478,,,47697,47518,49884,50697,13610,13853,19,1708,3.704791833671086,280.70001220703125,302.20001220703125,2016-11-27
16,Dotta,D10,2016-07-07,39.90626656,-120.3808085,14.42008401,0.939828653,2.612002942,,,42594,42236,43551,44382,13396,13554,150,1701,1.8543341688295631,277.8999938964844,297.70001220703125,2016-11-27
17,Dotta,D11,2016-07-07,39.90641098,-120.381115,7.543926984,0.491328502,2.938503309,,,39884,39530,40897,42640,14631,14550,150,1701,1.5235030653247639,277.8999938964844,297.70001220703125,2016-11-27
18,Dotta,D12,2016-07-07,39.90658399,-120.381405,6.900145408,0.404245285,1.76076984,,,38841,38470,39695,42184,16473,15983,150,1701,1.5235030653247639,277.8999938964844,297.70001220703125,2016-11-27
19,Dotta,D2,2016-06-29,39.902602,-120.368949,10.26610274,0.80435986,1.744917016,,,51069,51588,53740,53339,13767,14156,19,1707,0.9274099368729609,280.70001220703125,302.20001220703125,2016-11-27
20,Dotta,D3,2016-06-29,39.90238499,-120.368752,9.193797072,0.660691713,2.223232017,,,50377,50473,52941,53080,13788,14168,19,1710,5.676124726320479,280.70001220703125,302.20001220703125,2016-11-27
21,Dotta,D4,2016-06-29,39.90252304,-120.368462,7.262524161,0.519744752,2.522917538,,,48923,49611,52302,52671,13797,14079,19,1710,6.5750355827566835,280.70001220703125,302.20001220703125,2016-11-27
22,Dotta,D5,2016-06-29,39.90274399,-120.368636,8.783139195,0.655006979,4.496401014,,,50423,50644,52762,52681,13828,14181,19,1707,3.030965393519474,280.70001220703125,302.20001220703125,2016-11-27
23,Dotta,D6,2016-06-29,39.90298379,-120.3688082,11.0728706,0.818131558,1.244647198,,,49691,49973,52462,52811,13866,14122,19,1708,3.895984445280189,280.70001220703125,302.20001220703125,2016-11-27
24,Dotta,D7,2016-07-07,39.90637503,-120.381626,9.777318716,0.677042671,2.775253126,,,39228,39192,40523,42747,16030,15655,150,1700,1.5235030653002415,277.8999938964844,297.70001220703125,2016-11-27
25,Dotta,D8,2016-07-07,39.90622348,-120.3813162,8.452499553,0.599027545,1.026144013,,,39740,39574,40906,42683,14651,14578,150,1700,2.7802885155287553,277.8999938964844,297.70001220703125,2016-11-27
26,Dotta,D9,2016-07-07,39.90608602,-120.3810322,9.915235922,0.718163687,4.914996607,,,39740,39574,40906,42683,14651,14578,150,1701,3.0309887706866507,277.8999938964844,297.70001220703125,2016-11-27
27,Big Flat,F1,2017-08-02,40.1495622,-120.45974,15.33807677,1.084178777,5.748738617,,,51383,50086,50446,50572,23315,22498,118,1740,0.0,292.6000061035156,305.70001220703125,2017-01-05
28,Big Flat,F11,2017-08-02,40.14825848,-120.4612667,13.05454009,0.995118219,11.67238814,,,54237,53129,53655,53788,30709,29365,118,1738,2.596208156293603,292.6000061035156,305.70001220703125,2017-01-05
29,Big Flat,F12,2017-08-02,40.14845227,-120.4610242,13.75530921,0.996136717,6.967284633,,,53842,52629,53186,53367,29614,28244,118,1738,1.2132170180194373,292.6000061035156,305.70001220703125,2017-01-05
30,Big Flat,F2,2017-08-02,40.14931435,-120.4599129,14.46804084,1.088486382,9.503492846,,,51554,50203,50526,50626,22388,21855,118,1739,3.0516808043445063,292.6000061035156,305.70001220703125,2017-01-05
31,Big Flat,F4,2017-08-02,40.14893163,-120.4597987,7.049353631,0.472454035,3.265003677,,,51863,50574,50918,50952,22271,22038,118,1740,1.5269233065554562,292.6000061035156,305.70001220703125,2017-01-05
32,Big Flat,F5,2017-08-02,40.14916884,-120.4596047,10.69430278,0.794952038,8.745545564,,,51345,49911,50090,50010,20827,20468,118,1740,2.596235910882626,292.6000061035156,305.70001220703125,2017-01-05
33,Big Flat,F8,2017-08-02,40.14846073,-120.4615125,10.39102751,0.842214437,6.384248261,,,54151,52954,53448,53644,29794,28522,118,1738,3.0327025679334945,292.6000061035156,305.70001220703125,2017-01-05
34,Big Flat,F9,2017-08-02,40.14824959,-120.4617603,6.850823778,0.456503388,7.177177726,,,54476,53339,53843,53989,30841,29464,118,1737,0.9274099368729609,292.6000061035156,305.70001220703125,2017-01-05
35,Lower Clarks,LC1,2016-07-27,40.12300942,-120.5030499,9.138479577,0.714038937,3.113414221,,,42630,40324,39822,38268,13063,13894,266,1684,2.5953575968859974,285.1000061035156,304.29998779296875,2016-03-07
36,Lower Clarks,LC10,2016-07-27,40.12339767,-120.5046246,14.70904926,1.070590423,3.77224532,,,42428,44593,47778,50055,11525,11744,1,1683,3.8971916568172644,285.1000061035156,304.29998779296875,2016-11-27
37,Lower Clarks,LC12,2016-07-27,40.12289886,-120.5043605,7.147938721,0.630972635,1.784091295,,,36051,36486,38613,41339,11255,11474,1,1686,2.4244263530224344,285.1000061035156,304.29998779296875,2016-11-27
38,Lower Clarks,LC3,2016-07-27,40.12348308,-120.5033699,8.183320313,0.760528074,3.824718593,,,42608,40323,39780,38322,13068,13882,266,1684,3.6863974128709844,285.1000061035156,304.29998779296875,2016-03-07
39,Lower Clarks,LC4,2016-07-27,40.12336364,-120.5036824,9.280781858,0.667363198,1.282680016,,,42593,40307,39753,38283,13086,13902,266,1684,0.9274099368492421,285.1000061035156,304.29998779296875,2016-03-07
40,Lower Clarks,LC6,2016-07-27,40.12288084,-120.5033593,4.040703887,0.240178343,6.261810624,,,42626,40310,39750,38282,13047,13879,266,1683,2.5953575968281557,285.1000061035156,304.29998779296875,2016-03-07
41,Lower Clarks,LC7,2016-07-27,40.1230002,-120.5040419,8.78364274,0.69446457,6.704918266,,,42575,40253,39724,38230,13077,13891,266,1683,3.7497920760314445,285.1000061035156,304.29998779296875,2016-03-07
42,Lower Clarks,LC9,2016-07-27,40.12349842,-120.5043098,10.07449082,0.786080346,0.868724193,,,32623,34205,36859,40021,10786,10959,1,1684,3.0325227108704893,285.1000061035156,304.29998779296875,2016-11-27
43,Lower Dixie,LX1,2016-07-18,39.93990096,-120.338961,5.677460429,0.44984847,2.786913853,,,46939,45893,46230,45352,29450,22560,5,1792,5.5641797011374035,279.5,297.8999938964844,2016-04-24
44,Lower Dixie,LX10,2016-07-18,39.93799802,-120.33828,12.15962801,0.792538149,1.247697834,,,47866,46586,47010,46263,31281,24898,5,1802,18.88801455628958,279.5,297.8999938964844,2016-04-24
45,Lower Dixie,LX11,2016-07-18,39.93820396,-120.338482,11.3471777,0.826650801,0.215723458,,,47866,46586,47010,46263,31281,24898,5,1801,17.135889111768073,279.5,297.8999938964844,2016-04-24
46,Lower Dixie,LX12,2016-07-18,39.93839599,-120.33869,12.14995866,0.859558888,0.717134737,,,44839,43608,43646,42473,29531,23623,5,1806,19.180790641472502,279.5,297.8999938964844,2016-04-24
47,Lower Dixie,LX2,2016-07-18,39.93969301,-120.338712,7.918917532,0.559482225,3.848040048,,,46622,45749,45887,44803,29818,23016,5,1791,3.740382466036957,279.5,297.8999938964844,2016-04-24
48,Lower Dixie,LX3,2016-07-18,39.93953803,-120.338442,6.969885561,0.560948119,0.262366367,,,47178,46115,46504,45663,30062,23558,5,1794,5.168062553974208,279.5,297.8999938964844,2016-04-24
49,Lower Dixie,LX4,2016-07-18,39.93929202,-120.338708,6.186286822,0.508734285,0.483920188,,,46943,43835,44533,44048,28108,22317,5,1791,1.2095016223856059,279.5,297.8999938964844,2016-04-24
50,Lower Dixie,LX5,2016-07-18,39.93949603,-120.338936,8.91038439,0.702989997,6.314283897,,,47545,44441,45168,44873,27801,21864,5,1791,1.2095016223856059,279.5,297.8999938964844,2016-04-24
51,Lower Dixie,LX6,2016-07-18,39.93969703,-120.339184,10.16310309,0.788162928,1.428439109,,,47963,46155,46719,46012,29113,22552,5,1791,0.9274099368729609,279.5,297.8999938964844,2016-04-24
52,Lower Dixie,LX7,2016-07-18,39.93859003,-120.338434,12.8026807,0.90287312,0.606357826,,,45271,42914,43157,42205,28775,23090,5,1795,8.20332340414716,279.5,297.8999938964844,2016-04-24
53,Lower Dixie,LX8,2016-07-18,39.938355,-120.338213,14.47897647,1.037464105,0.145759093,,,46671,45905,46071,45181,31043,24629,5,1797,12.574201403560782,279.5,297.8999938964844,2016-04-24
54,Lower Dixie,LX9,2016-07-18,39.93814697,-120.338016,8.424498018,0.609520557,0.903706375,,,48442,46996,47633,46997,30899,24687,5,1795,12.046067842575296,279.5,297.8999938964844,2016-04-24
55,McReynolds,M1,2016-08-09,39.95647299,-120.496834,6.897615461,1.377460968,10.6520745,,,47695,44898,44150,41477,18200,20009,1288,1651,2.589847233010772,278.6000061035156,297.0,2016-01-28
56,McReynolds,M10,2016-08-09,39.95878103,-120.486974,23.01332402,1.67613551,3.56818259,,,44324,42654,42922,41829,26044,20396,1268,1656,2.2136481839216486,278.3999938964844,297.6000061035156,2016-04-24
57,McReynolds,M11,2016-08-09,39.95906099,-120.48712,17.62138323,1.406933689,4.640969512,,,44258,42101,42537,41630,26219,20864,1268,1655,1.5242426810835141,278.3999938964844,297.6000061035156,2016-04-24
58,McReynolds,M4,2016-08-09,39.95659696,-120.496731,4.355089526,0.438689232,3.988009217,,,47443,44758,43928,41211,18152,19952,1288,1652,2.2136267337094866,278.6000061035156,297.0,2016-01-28
59,McReynolds,M5,2016-08-09,39.96023596,-120.488891,5.024347546,0.563543135,2.320484756,,,42540,40079,39536,37915,14009,14836,1274,1657,3.68260132404817,278.3999938964844,297.6000061035156,2016-03-07
60,McReynolds,M7,2016-08-09,39.960616,-120.488743,13.54147056,1.20844892,4.920826971,,,42545,40111,39566,37975,14076,14898,1274,1655,0.9274099368492421,278.3999938964844,297.6000061035156,2016-03-07
61,McReynolds,M9,2016-08-09,39.95863896,-120.487278,15.05175886,1.265052277,10.29642231,,,44145,42281,42536,41499,26364,20764,1268,1655,1.5242387826907728,278.3999938964844,297.6000061035156,2016-04-24
62,Poco,P1,2016-07-07,39.96934005,-120.5231581,7.664053632,0.533243208,4.186201143,,,44482,41197,40635,38335,17373,18841,1385,1644,1.5243830629984103,279.1000061035156,297.0,2016-01-28
63,Poco,P10,2016-07-07,39.97230976,-120.5282042,6.450532828,0.499849084,1.008652921,,,39470,37125,36543,35369,13483,14250,1394,1643,4.420963787592073,279.1000061035156,297.0,2016-03-07
64,Poco,P11,2016-07-07,39.97209133,-120.5279566,4.554110268,0.34216377,1.684975112,,,39373,37111,36541,35305,13512,14247,1394,1644,3.0466889506872543,279.1000061035156,297.0,2016-03-07
65,Poco,P3,2016-07-07,39.96953015,-120.5237733,7.998668129,0.524859582,0.874554556,,,42600,40488,39640,37245,17467,18870,1385,1643,2.2137501118017124,279.1000061035156,297.0,2016-01-28
66,Poco,P5,2016-07-07,39.96969561,-120.5233141,6.941850828,0.517813565,6.564989537,,,43333,40384,39756,37498,17172,18590,1385,1647,1.5243908642837827,279.1000061035156,297.0,2016-01-28
67,Poco,P6,2016-07-07,39.96957659,-120.5230065,6.022418827,0.589221451,8.197491375,,,41386,41276,42376,37894,8197,8489,1385,1645,4.9167946515239755,279.1000061035156,297.0,2016-01-12
68,Poco,P7,2016-07-07,39.97169059,-120.5279623,3.843319514,0.370864951,2.565360032,,,39393,37110,36518,35319,13463,14185,1394,1644,3.7420182020618573,279.1000061035156,297.0,2016-03-07
69,Poco,P9,2016-07-07,39.97208613,-120.5284366,6.654946254,0.585012565,2.01147548,,,39417,37141,36598,35385,13525,14264,1394,1646,3.046688950638249,279.1000061035156,297.0,2016-03-07
70,Upper Clarks,UC1,2016-08-04,40.12896904,-120.503472,11.25044291,0.823254369,6.634953901,,,42884,40576,40078,38536,13220,14052,265,1685,2.595570130819452,281.70001220703125,302.29998779296875,2016-03-07
71,Upper Clarks,UC10,2016-08-04,40.13574597,-120.508032,12.09169661,0.956426421,10.79783359,,,42714,40415,39899,38415,13242,14090,253,1696,0.9274099368611016,284.29998779296875,301.79998779296875,2016-03-07
72,Upper Clarks,UC11,2016-08-04,40.135764,-120.508365,11.82362349,1.034946079,11.31673596,,,42694,40408,39894,38411,13255,14105,253,1696,2.2153654267652225,284.29998779296875,301.79998779296875,2016-03-07
73,Upper Clarks,UC4,2016-08-04,40.12885303,-120.503759,7.156007254,0.702811883,4.955809153,,,42819,40459,39963,38463,13153,13986,265,1686,4.423991701825026,281.70001220703125,302.29998779296875,2016-03-07
74,Upper Clarks,UC6,2016-08-04,40.13476001,-120.506502,10.69491919,0.804331356,7.771874824,,,41484,41284,42154,39687,9055,9828,253,1699,5.874377502975006,284.29998779296875,301.79998779296875,2016-02-20
75,Upper Clarks,UC7,2016-08-04,40.13472598,-120.506871,7.475499641,0.549624059,9.246956843,,,42767,40487,39977,38480,13205,14075,253,1695,2.2153545861140644,284.29998779296875,301.79998779296875,2016-03-07
76,Upper Clarks,UC9,2016-08-04,40.13546803,-120.508009,9.703267072,0.824023055,2.833556763,,,42755,40431,39920,38442,13287,14095,253,1696,2.424881618726997,284.29998779296875,301.79998779296875,2016-03-07
77,Dixie,X1,2016-07-18,39.93496503,-120.333205,7.765580811,0.481508343,6.099675371,,,38613,37035,36297,35152,16465,17634,113,1802,6.074193799212688,279.5,297.8999938964844,2016-01-28
78,Dixie,X10,2016-07-18,39.93350197,-120.332292,9.552680471,0.698334103,1.422608745,,,44268,44269,45864,44057,12463,13036,113,1805,4.563047764319021,279.5,297.8999938964844,2016-11-27
79,Dixie,X11,2016-07-18,39.93341303,-120.332613,9.507988668,0.674649691,1.591689293,,,38401,38184,39691,42213,11799,12105,113,1807,9.966921247169617,279.5,297.8999938964844,2016-11-27
80,Dixie,X12,2016-07-18,39.93366198,-120.332703,10.98886816,0.719009193,2.198047118,,,39380,40155,41759,42307,11740,12219,113,1811,12.74009698781156,279.5,297.8999938964844,2016-11-27
81,Dixie,X2,2016-07-18,39.93470997,-120.333044,13.01429473,0.832611145,3.581439405,,,36044,33814,35825,37212,11223,11462,113,1804,4.563105830556814,279.5,297.8999938964844,2016-11-27
82,Dixie,X3,2016-07-18,39.93454602,-120.333458,10.72550007,0.714785045,1.820258856,,,34356,34106,34543,36501,10781,11297,9,1805,4.826919823214834,279.5,297.8999938964844,2016-11-27
83,Dixie,X4,2016-07-18,39.934845,-120.333505,13.21825736,0.822797559,1.711766606,,,45050,43639,46612,45630,12369,12755,9,1809,10.909508424081054,279.5,297.8999938964844,2016-11-27
84,Dixie,X5,2016-07-18,39.93482203,-120.332041,9.975618668,0.607486326,1.877377115,,,46250,46705,48340,46285,12522,13274,113,1805,3.0456467251901325,279.5,297.8999938964844,2016-11-27
85,Dixie,X6,2016-07-18,39.93461601,-120.331804,14.09974835,1.084413876,2.040627299,,,46977,45553,47460,46016,12667,13255,113,1805,2.4177497990586665,279.5,297.8999938964844,2016-11-27
86,Dixie,X7,2016-07-18,39.93445599,-120.33211,15.31019986,0.980828418,5.474711523,,,44976,44334,45887,44878,12412,13021,113,1806,1.854334168853263,279.5,297.8999938964844,2016-11-27
87,Dixie,X8,2016-07-18,39.934672,-120.332337,20.02309396,1.405231428,2.752441827,,,42604,40911,40990,39540,11578,11777,113,1804,4.420243254942649,279.5,297.8999938964844,2016-02-04
88,Dixie,X9,2016-07-18,39.93374697,-120.332374,10.84734058,0.736746583,4.046272414,,,40967,41413,42441,41412,11878,12481,113,1804,0.0,279.5,297.8999938964844,2016-11-27
89,Coyote,Y1,2016-07-08,40.110052,-120.4172487,8.305925057,0.564858338,1.148581651,,,45426,43082,42327,39978,17630,18820,1009,1703,2.215113569378835,282.79998779296875,296.6000061035156,2016-01-28
90,Coyote,Y10,2016-07-08,40.11158656,-120.4194028,14.28796483,0.960706337,1.387626562,,,45232,42403,41763,39623,17080,18324,1009,1703,2.7802885155287553,282.79998779296875,296.6000061035156,2016-01-28
91,Coyote,Y12,2016-07-08,40.11144239,-120.41871,8.812512678,0.638887621,4.209522598,,,45179,42732,41891,39594,17545,18753,1009,1702,0.0,282.79998779296875,296.6000061035156,2016-01-28
92,Coyote,Y3,2016-07-08,40.11012996,-120.4179603,9.257846305,0.683473766,0.198232366,,,45609,42946,42269,39991,17635,18726,1009,1704,0.0,282.79998779296875,296.6000061035156,2016-01-28
93,Coyote,Y4,2016-07-08,40.11039759,-120.4178613,11.00853475,0.769514109,0.437277278,,,45694,43137,42364,40077,17713,18861,1009,1704,1.5263762677835828,282.79998779296875,296.6000061035156,2016-01-28
94,Coyote,Y6,2016-07-08,40.11030765,-120.4171755,8.821579661,0.628496516,0.256536003,,,45511,43142,42294,39996,17677,18844,1009,1702,2.2151162754326843,282.79998779296875,296.6000061035156,2016-01-28
95,Coyote,Y7,2016-07-08,40.11120024,-120.4188502,7.815537735,0.562677568,0.227384185,,,45197,42680,41954,39692,17602,18730,1009,1702,1.212552994501687,282.79998779296875,296.6000061035156,2016-01-28
96,Coyote,Y9,2016-07-08,40.1113419,-120.4195474,9.613114377,0.695717844,0.40812546,,,45314,42794,42050,39796,17273,18585,1009,1703,1.526388061993587,282.79998779296875,296.6000061035156,2016-01-28
97,Davies,DVG1,2016-09-22,39.504158,-120.097842,6.698083368,,0.117773347,,,28768,27749,28286,33888,8399,8646,396,1826,8.026149313809361,274.29998779296875,292.6000061035156,2016-01-12
98,Davies,DVG5,2016-09-22,39.50439798,-120.099116,6.561562882,,0.066507302,,,39073,38335,38578,36442,8278,9089,393,1825,2.575117828245166,273.0,291.20001220703125,2016-01-12
99,Davies,DVR3,2016-09-22,39.50389196,-120.097341,6.269515342,,0.912743438,,,34672,33156,32419,32527,16808,17076,396,1828,10.237301232350779,274.29998779296875,292.6000061035156,2016-01-28
100,Davies,DVR5,2016-09-22,39.50397997,-120.098518,5.870663239,,0.692721413,,,34202,33010,32319,32265,16599,16839,396,1830,6.889860262518605,274.29998779296875,292.6000061035156,2016-01-28
101,Dotta,DG1,2016-06-29,39.90285999,-120.36843,14.13677617,,4.219143043,,,50857,50897,53256,53140,13817,14147,19,1707,6.0450649950142195,280.70001220703125,302.20001220703125,2016-11-27
102,Dotta,DG5,2016-06-29,39.90276796,-120.368202,11.40140834,,2.630899772,,,49626,50328,52997,53097,13820,14156,19,1707,2.416633358219904,280.70001220703125,302.20001220703125,2016-11-27
103,Dotta,DSG5,2016-06-29,39.90319602,-120.36797,8.209761817,,0.186688246,,,47230,47671,50523,51325,13513,13707,19,1711,4.419641393166482,280.70001220703125,302.20001220703125,2016-11-27
104,Kyburz,KG2,2016-09-16,39.50670501,-120.233205,7.828920487,,1.451729697,,,48747,48332,49994,48382,12701,13362,19,1931,3.0338218693462706,274.5,293.20001220703125,2016-11-27
105,Kyburz,KG4,2016-09-16,39.50689604,-120.233186,7.647325851,,0.453427386,,,48209,47367,48746,47249,12514,13098,19,1931,3.0338218693462706,274.5,293.20001220703125,2016-11-27
106,Kyburz,KSG2,2016-09-16,39.50656202,-120.233528,9.980789039,,0.247324029,,,48056,47346,48974,47663,12568,13168,22,1929,3.028221652440316,274.5,293.20001220703125,2016-11-27
107,Kyburz,KSG4,2016-09-16,39.50673896,-120.233491,11.81445665,,0.51231406,,,48625,47974,49514,47911,12705,13289,22,1930,3.6016020589793296,274.5,293.20001220703125,2016-11-27
108,McReynolds,MG1,2016-06-28,39.95630301,-120.496784,15.19366048,,5.112330183,,,47695,44898,44150,41477,18200,20009,1288,1653,3.741235561977899,281.1000061035156,302.3999938964844,2016-01-28
109,McReynolds,MG5,2016-06-28,39.95612204,-120.496686,16.69518236,,8.802866025,,,47825,45101,44403,41641,18246,20132,1288,1653,1.2097962448918014,281.1000061035156,302.3999938964844,2016-01-28
110,McReynolds,MSG1,2016-06-28,39.95620804,-120.496047,4.981793759,,2.518892033,,,47435,45002,44092,41340,18527,20244,1288,1652,0.9274099368492421,281.1000061035156,302.3999938964844,2016-01-28
111,McReynolds,MSG5,2016-06-28,39.956187,-120.495788,7.09431275,,2.776642124,,,41051,40179,41327,42466,13351,13580,1288,1653,1.524199802156744,279.70001220703125,302.29998779296875,2016-11-27
112,Perazzo,ZG1,2016-09-16,39.47856001,-120.384892,10.107264,,2.102254243,,,34597,37150,37991,39935,9068,9353,1,2004,14.532330980935077,275.29998779296875,292.0,2016-01-12
113,Perazzo,ZG3,2016-09-16,39.47876201,-120.384714,10.25476069,,2.779450987,,,41024,42225,43876,43235,9357,9887,1,2012,10.694591304599172,275.29998779296875,292.0,2016-01-12
114,Perazzo,ZR1,2016-09-16,39.47834903,-120.383887,5.503397201,,0.635976073,,,36945,36416,37624,37504,9167,9689,1,2001,5.158915163998462,275.29998779296875,292.0,2016-01-12
115,Perazzo,ZR5,2016-09-16,39.47819003,-120.383726,12.43136994,,1.195399471,,,39689,40830,42074,40423,9656,10241,1,2001,5.158915163998462,275.29998779296875,292.0,2016-01-12
116,Perazzo,ZSG2,2016-09-16,39.47850402,-120.384429,8.005272639,,0.647753408,,,35534,37511,38441,37563,9223,9815,1,2003,9.493370192405951,275.29998779296875,292.0,2016-01-12
117,Perazzo,ZSG4,2016-09-16,39.47862798,-120.383954,10.20213845,,1.890262218,,,32300,33620,35002,37149,9162,9470,1,2003,9.493370192405951,275.29998779296875,292.0,2016-01-12
118,Upper Clarks,UCG1,2016-08-19,40.13691097,-120.508828,9.736453948,,3.496396237,,,42808,42942,44098,40562,7878,8384,4,1702,11.519101111941781,287.6000061035156,303.3999938964844,2016-01-12
119,Upper Clarks,UCG5,2016-08-19,40.13672196,-120.508761,8.566544307,,3.049983293,,,44082,43943,45011,42094,9247,9939,4,1699,11.379710368990636,287.6000061035156,303.3999938964844,2016-02-20
120,Upper Clarks,UCSG2,2016-08-19,40.13715598,-120.508647,10.06810384,,4.556706875,,,42668,40315,39811,38320,13194,14049,4,1702,9.585620664288763,287.6000061035156,303.3999938964844,2016-03-07
121,Upper Clarks,UCSG4,2016-08-19,40.13715598,-120.508408,10.42832544,,0.507897559,,,42668,40315,39811,38320,13194,14049,253,1702,9.585620664288763,287.6000061035156,303.3999938964844,2016-03-07
122,Van Norden,NR2,2017-08-14,39.318036,-120.366214,5.375830352,,4.917037234,,,51061,49915,49633,46162,9356,10171,1,2067,0.0,282.1000061035156,295.5,2017-01-14
123,Van Norden,NR4,2017-08-14,39.31784296,-120.366134,7.903479906,,3.491979737,,,51061,49915,49633,46162,9356,10171,1,2067,0.0,282.1000061035156,295.5,2017-01-14
124,Upper Lacey,LASC1,2019-08-29,39.45151001,-120.434307,8.187737781,0.602818207,1.260174812,,,41801,41146,41874,39546,9297,9935,69,2104,6.260721285079777,285.5,298.5,2019-04-10
125,Upper Lacey,LASC2,2019-08-29,39.45216598,-120.433713,7.89323547,0.706984685,0.924520774,,,41863,41766,42415,39619,9339,9966,69,2102,2.208831075752821,285.5,298.5,2019-04-10
126,Upper Lacey,LASC3,2019-08-29,39.45264601,-120.432585,6.064611704,0.498818224,2.343689604,,,43740,41634,41358,41070,22026,19534,7,2097,1.5172346530491143,285.5,298.5,2019-02-05
127,Upper Lacey,LASC4,2019-08-29,39.45335797,-120.432288,7.757151803,0.719594319,1.925594223,,,43381,41101,40788,40268,21398,18867,7,2097,2.2088414798175497,285.5,298.5,2019-02-05
128,Upper Lacey,LASC6,2019-08-29,39.45563802,-120.43028,8.999654699,0.783280424,2.520349625,,,41733,40927,41611,39052,9360,9934,74,2094,2.208862290039031,285.5,298.5,2019-04-10
129,Lower Bear Creek,LBSC1,2019-07-19,39.18634599,-120.208439,13.71192374,0.795992069,2.231804925,,,56699,55124,54540,51496,11923,14866,76,1916,5.119673703964028,281.8999938964844,297.1000061035156,2019-01-20
130,Lower Bear Creek,LBSC2,2019-07-19,39.18611398,-120.20895,7.376070126,0.398764572,0.765526755,,,57112,55394,54775,51558,13530,15407,76,1915,3.026050129423403,281.8999938964844,297.1000061035156,2019-01-20
131,Lower Bear Creek,LBSC3,2019-07-19,39.18654003,-120.209169,8.996407811,0.526545554,3.168103032,,,56520,54657,53864,50565,13149,15154,76,1920,7.300468998742047,281.8999938964844,297.1000061035156,2019-01-20
132,Lower Bear Creek,LBSC4,2019-07-19,39.18424197,-120.210052,13.83354536,0.84450065,0.830302096,,,64160,63489,63383,60936,18362,20541,76,1922,5.204183551943087,281.8999938964844,297.1000061035156,2019-01-20
133,Lower Bear Creek,LBSC5,2019-07-19,39.18405304,-120.210156,14.08568408,0.869223407,2.184695585,,,64762,63782,63807,61643,16617,19443,76,1923,7.526136241167393,281.8999938964844,297.1000061035156,2019-01-20
134,Lower Bear Creek,LBSC6,2019-07-19,39.184204,-120.21036,15.05407103,0.80608201,2.838337661,,,64251,63498,63402,60980,17220,19771,76,1922,7.142245577801693,281.8999938964844,297.1000061035156,2019-01-20
135,Lower Lacey,LLE3,2019-07-20,39.474604,-120.418731,9.71172803,0.919443205,3.009109014,,,49540,46437,45837,43440,14290,15132,1,2077,0.0,281.8999938964844,295.0,2019-01-20
136,Lower Lacey,LLESC1,2019-07-20,39.46904697,-120.421071,10.86728281,1.028148399,7.137064823,,,41964,41036,41303,41400,28806,23345,1,2077,0.0,281.8999938964844,295.0,2019-05-28
137,Lower Lacey,LLESC2,2019-07-20,39.47017903,-120.419731,13.91616058,1.312453935,7.343168181,,,45109,43305,43815,42233,11286,11912,21,2077,0.0,281.8999938964844,295.0,2019-01-11
138,Lower Lacey,LLWSC1,2019-07-20,39.47227903,-120.424778,9.342796035,0.879479653,5.45879463,,,42567,41184,41743,40125,10086,11092,130,2077,0.0,281.8999938964844,295.0,2019-01-11
139,Lower Lacey,LLWSC2,2019-07-20,39.47278203,-120.422937,10.59664519,0.828611939,9.839963135,,,42735,41316,41771,40248,10224,11146,130,2077,0.0,281.8999938964844,295.0,2019-01-11
140,Lower Lacey,LLWSC3,2019-07-20,39.47439102,-120.418757,10.12777593,0.679659949,6.995736808,,,49740,45853,45530,43440,13449,14492,1,2077,0.0,281.8999938964844,295.0,2019-01-20
141,Lower Perazzo,LPC1SC,2019-08-13,39.49437699,-120.323397,4.494553189,0.343838785,6.87796346,,,41181,39600,40061,40538,30128,26598,3,1968,3.0334805281853336,278.29998779296875,297.3999938964844,2019-11-20
142,Lower Perazzo,LPC2SC,2019-08-13,39.49442997,-120.323506,6.149810314,0.447320418,5.076031253,,,40670,38999,39493,39916,29210,25577,3,1968,3.0334805281853336,278.29998779296875,297.3999938964844,2019-11-20
143,Lower Perazzo,LPC3SC,2019-08-13,39.49450599,-120.323598,5.29915283,0.521439434,3.315319716,,,40619,39100,39545,40038,29413,25828,3,1968,3.6009560852453024,278.29998779296875,297.3999938964844,2019-11-20
144,Lower Perazzo,LPC4SC,2019-08-13,39.49452301,-120.323705,6.023423168,0.562344164,2.77356232,,,40619,39100,39545,40038,29413,25828,3,1968,3.6009560852453024,278.29998779296875,297.3999938964844,2019-11-20
145,Martis Wildlife,MWSC10,2019-07-13,39.29928199,-120.13364,1.595658382,0.1095451,1.925594222,,,43955,41473,41065,40115,14219,15549,216,1780,4.039229346536747,279.29998779296875,304.0,2019-02-05
146,Martis Wildlife,MWSC12,2019-07-13,39.299297,-120.132947,10.7720733,0.820000125,6.583530093,,,43871,41375,40995,39920,14071,15388,221,1780,2.2074071021678723,279.29998779296875,304.0,2019-02-05
147,Martis Wildlife,MWSC14,2019-07-13,39.29956103,-120.132922,5.82928673,0.461381225,3.66275109,,,43743,41291,40909,39919,14147,15418,221,1780,2.207409679426242,279.29998779296875,304.0,2019-02-05
148,Martis Wildlife,MWSC16,2019-07-13,39.299614,-120.134055,8.851223407,0.714571095,12.75485347,,,44031,41637,41159,40171,14362,15669,216,1782,1.198376609863872,279.29998779296875,304.0,2019-02-05
149,Martis Wildlife,MWSC18,2019-07-13,39.29988901,-120.133615,12.58634423,1.002639074,7.531605536,,,43906,41603,41098,40071,14434,15680,216,1781,3.7081639424903616,279.29998779296875,304.0,2019-02-05
150,Martis Wildlife,MWSC2,2019-07-13,39.29878998,-120.133986,10.0200826,0.757990764,7.513939534,,,44367,41955,41493,40453,14594,15895,216,1779,3.704791833718337,279.29998779296875,304.0,2019-02-05
151,Martis Wildlife,MWSC20,2019-07-13,39.29983503,-120.132924,9.665067332,0.793163964,12.38386743,,,43731,41523,41020,39971,14364,15615,221,1780,2.207409679426242,279.29998779296875,304.0,2019-02-05
152,Martis Wildlife,MWSC22,2019-07-13,39.30014499,-120.133256,12.03326,0.937733671,19.35604957,,,43998,41754,41258,40155,14611,15806,8,1778,2.5685671502083953,279.29998779296875,304.0,2019-02-05
153,Martis Wildlife,MWSC24,2019-07-13,39.30014198,-120.133961,7.656375417,0.548236858,12.30731476,,,44078,41754,41295,40183,14615,15790,38,1782,1.1983813638059861,279.29998779296875,304.0,2019-02-05
154,Martis Wildlife,MWSC4,2019-07-13,39.29875997,-120.132971,12.12468948,0.825821721,6.206655382,,,44309,41816,41394,40394,14524,15844,221,1777,2.3956771596584305,279.29998779296875,304.0,2019-02-05
155,Martis Wildlife,MWSC6,2019-07-13,39.29894303,-120.132956,10.68012944,0.79096405,18.82606951,,,44138,41587,41212,40237,14236,15612,221,1778,3.6676062125907625,279.29998779296875,304.0,2019-02-05
156,Martis Wildlife,MWSC8,2019-07-13,39.29901796,-120.133627,6.209316215,0.440168276,16.76503594,,,44232,41707,41308,40313,14373,15703,216,1779,3.028178510890622,279.29998779296875,304.0,2019-02-05
157,Bonita,BO11,2021-10-01,36.04088827,-118.333106,4.754508945,0.294754973,4.926657334,,,42899,43748,44906,44088,12363,12809,18,2543,5.0470492141325956,275.6000061035156,288.79998779296875,2021-02-12
158,Bonita,BO15,2021-10-01,36.03723108,-118.329915,10.19146695,0.821618856,7.445374456,,,37871,36033,36402,36236,29918,26177,6,2530,5.87952656955441,275.6000061035156,288.79998779296875,2021-04-17
159,Bonita,BO17,2021-10-01,36.03738875,-118.330534,11.14675242,1.000899989,5.21817552,,,41409,41439,42507,41728,12070,12486,6,2530,7.308025699138249,275.6000061035156,288.79998779296875,2021-02-12
160,Bonita,BO3,2021-10-01,36.04034033,-118.332705,6.044343057,0.362421793,5.26481843,,,42569,43263,44204,42595,12172,12695,18,2539,1.4747717115283203,275.6000061035156,288.79998779296875,2021-02-12
161,Osa,O15,2021-10-01,36.18121809,-118.308561,10.66634389,0.80492923,1.76076984,,,51204,48547,48259,45718,19467,19391,27,2586,2.476737160251016,274.6000061035156,288.5,2021-12-29
162,Osa,O20,2021-10-01,36.18123009,-118.310256,8.934804662,0.661939234,3.235851859,,,52491,50481,49871,47269,22399,21956,27,2586,5.357293234431687,274.6000061035156,288.5,2021-12-29
163,Osa,O4,2021-10-01,36.18078373,-118.308996,13.35271838,0.986994983,4.186201143,,,51596,49545,48971,46336,21742,21375,27,2588,5.885988987701018,274.6000061035156,288.5,2021-12-29
164,Osa,O7,2021-10-01,36.1814894,-118.307975,16.763582,1.256696731,1.393456926,,,50902,48270,47789,45429,18533,18760,26,2588,6.854305069825542,274.6000061035156,288.5,2021-12-29
165,Partnership,P18,2021-10-01,36.15656984,-118.27711,10.64378909,0.876139146,2.763592398,,,50399,48908,48199,46096,22312,22316,4,2668,7.465779395933806,272.20001220703125,289.1000061035156,2021-12-29
166,Partnership,P4,2021-10-01,36.15781701,-118.274205,6.797659662,0.521421205,1.53921602,,,50351,48054,47568,45601,21486,21875,3,2675,3.603648976672679,272.20001220703125,289.1000061035156,2021-12-29
167,Partnership,P5,2021-10-01,36.15807465,-118.274111,8.572298569,0.65879884,1.101938741,,,49940,47555,47092,45097,20765,21085,3,2676,2.4761039459965164,272.20001220703125,289.1000061035156,2021-12-29
168,Partnership,P7,2021-10-01,36.15752373,-118.273888,8.789826592,0.753494566,1.440099836,,,50545,48339,47936,45865,21593,21916,3,2676,8.041279639692371,272.20001220703125,289.1000061035156,2021-12-29
169,Clover Valley,D13,2019-06-28,39.95544474,-120.4263173,,,3.234394268,,,52856,51803,50878,42861,7245,7882,530,1670,1.5241920067571513,279.3999938964844,291.1000061035156,2019-02-28
170,Clover Valley,D14,2019-06-28,39.95047473,-120.4264405,,,2.340891029,,,45822,44123,44611,44241,29870,23590,1,1669,0.0,279.3999938964844,291.1000061035156,2019-05-28
171,Deer,DHA-A,2019-09-07,39.42841024,-120.6513898,6.450277825,,4.55132767,,,37636,36580,36856,38175,11427,11845,3,1885,4.542227770877306,285.6000061035156,297.20001220703125,2019-02-21
172,Deer,DHA-B,2019-09-07,39.42879998,-120.6513985,2.399038017,,1.171424371,,,40411,39193,39770,39945,11761,12222,3,1885,2.2086101533015485,285.6000061035156,297.20001220703125,2019-02-21
173,Deer,DHA-C,2019-09-07,39.42921025,-120.649655,9.116635161,,2.19294555,,,40144,38681,38563,38328,21618,18836,1,1886,3.8934436006493782,285.6000061035156,297.20001220703125,2019-05-19
174,Deer,DHA-D,2019-09-07,39.42824501,-120.6509018,8.143058868,,3.173175449,,,41394,41719,42188,40045,11461,12148,3,1885,10.992984815350752,285.6000061035156,297.20001220703125,2019-02-21
175,Loney,LHA-A,2019-08-22,39.42042051,-120.6554825,7.522263306,,3.975579254,,,44985,43809,44366,41774,11768,12398,1,1826,3.0276321795190313,286.5,298.29998779296875,2019-02-21
176,Loney,LHA-B,2019-08-22,39.4204955,-120.6549523,6.881675636,,2.882386059,,,44462,42628,43239,40809,11705,12376,1,1827,1.516795334089002,286.5,298.29998779296875,2019-02-21
177,Loney,LHA-C,2019-08-22,39.42084,-120.6560708,7.63515886,,2.058847185,,,44915,43421,44075,41486,11657,12313,1,1824,5.674365175717051,286.5,298.29998779296875,2019-02-21
178,Clover Valley,R25,2019-06-28,39.94547401,-120.4271855,,,2.630951624,,,48456,46825,46699,44050,17546,17784,438,1665,3.740680967278471,279.3999938964844,291.1000061035156,2019-02-21
179,Clover Valley,R26,2019-06-28,39.941533,-120.4275425,,,0.917553489,,,49447,46410,45810,42711,12657,14393,6,1670,1.2095359823771814,279.3999938964844,291.1000061035156,2019-11-27
180,Sardine,SA1A,2021-10-10,39.51372401,-120.113295,10.97453787,0.889708602,2.594511851,,,47904,45538,45405,45097,14717,15659,285,1843,4.885700295163713,270.8999938964844,285.8999938964844,2021-12-27
181,Sardine,SA1B,2021-10-10,39.51379098,-120.113413,9.567847684,0.719846344,1.824903841,,,47904,45538,45405,45097,14717,15659,285,1841,2.5754221189484703,270.8999938964844,285.8999938964844,2021-12-27
182,Sardine,SA2A,2021-10-10,39.51312496,-120.117378,8.138675402,0.595383932,1.154412015,,,52090,50908,51050,50366,17728,18232,281,1843,2.7802885155642585,270.8999938964844,285.8999938964844,2021-12-27
183,Sardine,SA2B,2021-10-10,39.51300702,-120.1174,10.61477938,0.7874172,0.606357826,,,52090,50908,51050,50366,17728,18232,281,1843,2.7802885155642585,270.8999938964844,285.8999938964844,2021-12-27
184,Sardine,SA3A,2021-10-10,39.51268499,-120.11738,8.475493443,0.67340055,1.206885287,,,52402,51336,51429,50771,18311,18740,281,1842,1.5180547837497116,270.8999938964844,285.8999938964844,2021-12-27
185,Sardine,SA3B,2021-10-10,39.51255499,-120.117293,4.140790012,0.355037144,0.851233101,,,52851,51594,51809,51204,18785,19184,1,1843,1.2020375050346963,270.8999938964844,285.8999938964844,2021-12-27
186,Sardine,SA4A,2021-10-10,39.51297702,-120.119807,3.517606347,0.266921286,1.422608745,,,53105,51918,52103,51361,18450,18967,281,1844,3.033988833161856,270.8999938964844,285.8999938964844,2021-12-27
187,Sardine,SA4B,2021-10-10,39.51315698,-120.119772,9.77394929,0.705290289,1.294340744,,,52866,51658,51816,51033,18430,18923,281,1845,1.854334168853263,270.8999938964844,285.8999938964844,2021-12-27
188,Sardine,SA4C,2021-10-10,39.51286001,-120.119931,10.17464436,0.733930578,3.486557498,,,53105,51918,52103,51361,18450,18967,281,1843,1.5180547837497116,270.8999938964844,285.8999938964844,2021-12-27
189,Sardine,SA5A,2021-10-10,39.51250101,-120.121565,6.596294559,0.516082426,1.148581651,,,54443,52916,53249,52638,18598,19063,1,1844,1.5180509805603841,270.0,285.79998779296875,2021-12-27
190,Sardine,SA5B,2021-10-10,39.51236103,-120.121547,4.554798479,0.374338681,0.489750552,,,54098,52470,52910,52278,17772,18432,1,1844,1.5180509805603841,270.0,285.79998779296875,2021-12-27
191,Bean,BE2,2019-07-15,37.75339282,-120.141393,6.257232033,0.382084395,2.034796934,,1.0,47837,45848,45620,44477,26464,21368,55,967,3.9717973991256255,287.0,307.3999938964844,2019-01-20
192,Bean,BE20,2019-07-15,37.75377668,-120.143884,6.315393787,0.43553031,1.171903106,,2.0,48869,47367,47431,46882,26710,20569,2,967,0.0,287.0,307.3999938964844,2019-01-20
193,Bean,BE24,2019-07-15,37.75351333,-120.143522,5.567145459,0.346916588,1.381796199,,3.0,48654,46981,46968,46122,26743,20987,2,967,0.9274099368492421,287.0,307.3999938964844,2019-01-20
194,Bean,BE4,2019-07-15,37.75376251,-120.141385,6.922441066,0.444743355,1.346814017,,4.0,47888,45716,45515,44352,26499,21334,55,968,3.6345160742688485,287.0,307.3999938964844,2019-01-20
195,Bean,BE6,2019-07-15,37.75338843,-120.140897,4.739816028,0.323721432,2.139743481,,5.0,47918,46005,45678,44489,27125,22047,55,967,4.627367505860409,287.0,307.3999938964844,2019-01-20
196,Bean,BE8,2019-07-15,37.75263388,-120.142132,6.363660163,0.420222277,1.795752023,,6.0,48076,46162,46052,45185,26920,21593,2,968,0.9274099368492421,287.0,307.3999938964844,2019-01-20
197,Bonita,BO11,2018-07-01,36.04088827,-118.333106,5.706779869,0.582592689,15.70116947,,7.0,43990,44286,45227,40205,7098,7642,18,2543,5.0470492141325956,283.79998779296875,297.1000061035156,2018-12-21
198,Bonita,BO13,2018-07-01,36.03774023,-118.329693,10.83863202,,6.016935348,,8.0,31839,30498,30231,31873,11902,11987,18,2532,3.9030664595194797,283.79998779296875,297.1000061035156,2018-12-05
199,Bonita,BO16,2018-07-01,36.03728437,-118.330227,9.326803249,0.605762799,10.41302958,,9.0,34158,34965,36085,36094,11571,11863,6,2529,6.464860749435276,283.79998779296875,297.1000061035156,2018-02-20
200,Bonita,BO2,2018-07-01,36.04019003,-118.332431,3.351564021,0.606185941,7.410392274,,10.0,44295,45421,46189,40432,6604,7480,18,2539,1.4747717115283203,283.79998779296875,297.1000061035156,2018-12-21
201,Bonita,BO21,2018-07-01,36.03646599,-118.330256,15.34073151,0.941910732,7.894312463,,11.0,31286,29098,29964,30918,21702,17926,6,2536,1.4747308402468942,283.79998779296875,297.1000061035156,2018-10-02
202,Bonita,BO6,2018-07-01,36.0402798,-118.332006,8.354329842,0.554704817,14.84993637,,12.0,36475,35079,35031,35905,23029,21982,18,2540,2.947591852746174,283.79998779296875,297.1000061035156,2018-01-19
203,Bonita,BO7,2018-07-01,36.04049153,-118.332985,9.983379077,0.585483429,8.763036654,,13.0,36897,35570,35446,36191,22893,21612,18,2541,3.6014778509521777,283.79998779296875,297.1000061035156,2018-01-19
204,Deer,D11,2018-07-01,39.42049541,-120.655402,17.25406778,1.18871298,9.67508045,,14.0,49495,47313,47134,46116,19446,19786,1,1826,1.2004508063540187,285.0,297.5,2018-05-16
205,Deer,D14,2018-07-01,39.42932558,-120.650599,15.90901963,0.953586099,8.603342993,,15.0,45046,42795,42283,40721,17605,18354,1,1891,6.573549226334118,285.5,298.3999938964844,2018-05-16
206,Deer,D15,2018-07-01,39.42054608,-120.655742,15.38666844,1.157777891,5.576567977,,16.0,49688,47411,47234,46291,19400,19748,1,1826,1.5167953341375762,285.0,297.5,2018-05-16
207,Deer,D16,2018-07-01,39.42928175,-120.65011,18.11323076,1.313694769,1.960926226,,17.0,47281,45960,46911,44181,8882,9776,3,1886,8.769707890907577,285.5,298.3999938964844,2018-12-03
208,Deer,D20,2018-07-01,39.42890242,-120.650167,13.99112051,,4.987701242,,18.0,46060,44372,45110,42555,8905,9830,3,1884,6.888974341637581,285.5,298.3999938964844,2018-12-03
209,Deer,D20,2018-07-01,39.42890242,-120.650167,13.99112051,,4.987701242,,19.0,46060,44372,45110,42555,8905,9830,3,1884,6.888974341637581,285.5,298.3999938964844,2018-12-03
210,Deer,D21,2018-07-01,39.42116249,-120.656298,20.96007043,1.513347353,5.129029259,,20.0,49536,47059,46919,45964,18504,18815,62,1819,6.646138040662084,285.5,298.3999938964844,2018-05-16
211,Deer,D24,2018-07-01,39.42852742,-120.650225,21.45937666,1.213699493,8.279466288,,21.0,46088,44765,45577,42614,8875,9771,3,1883,10.546165703238902,285.5,298.3999938964844,2018-12-03
212,East Creek,C1,2018-07-01,40.24418042,-120.900972,10.33608643,0.960896948,4.337790599,,22.0,44353,42413,42972,43056,26145,21947,37,1543,5.877969823126605,285.6000061035156,299.8999938964844,2018-06-17
213,East Creek,C12,2018-07-01,40.24346585,-120.900515,9.97157474,1.166801731,0.437277278,,23.0,44651,42410,43137,43575,24516,20283,37,1543,1.5282623828892237,285.6000061035156,299.8999938964844,2018-06-17
214,East Creek,C14,2018-07-01,40.24376207,-120.90226,8.764816771,1.186569948,0.268196731,,24.0,42496,40812,41471,41893,21404,18290,37,1548,7.404311798718247,285.6000061035156,299.8999938964844,2018-06-17
215,East Creek,C16,2018-07-01,40.24340594,-120.902429,11.85750587,0.973917848,1.673314384,,25.0,41997,40092,40649,41081,20499,17587,37,1541,4.426221754986762,285.6000061035156,299.8999938964844,2018-06-17
216,East Creek,C21,2018-07-01,40.24314264,-120.902276,12.23277755,1.178862213,0.903706375,,26.0,41008,39166,39700,40179,19797,16687,37,1540,1.5282584225141693,285.6000061035156,299.8999938964844,2018-06-17
217,East Creek,C23,2018-07-01,40.24300747,-120.901803,6.978088187,0.882765025,1.80741275,,27.0,41936,39957,40475,40833,22376,19015,37,1539,0.9274099368492421,285.6000061035156,299.8999938964844,2018-06-17
218,East Creek,C5,2018-07-01,40.24382567,-120.901141,17.85788974,1.474143794,2.093100571,,28.0,44843,42737,43519,43936,24740,20790,37,1541,3.0333830504494537,285.6000061035156,299.8999938964844,2018-06-17
219,East Creek,C8,2018-07-01,40.2435983,-120.900989,6.575828645,1.015783239,1.101938741,,29.0,44843,42737,43519,43936,24740,20790,37,1540,2.5993892384909905,285.6000061035156,299.8999938964844,2018-06-17
220,Goodrich,R11,2018-07-01,40.3652384,-120.950044,6.312399301,0.875801497,0.892045648,,30.0,35670,35565,36199,41172,16008,14970,1,1583,3.0342559178821644,283.1000061035156,299.79998779296875,2018-12-10
221,Goodrich,R15,2018-07-01,40.36300816,-120.953197,15.27009938,1.168847437,0.542223825,,31.0,30544,31347,32078,39792,12568,12133,1,1581,4.581228385943674,283.1000061035156,299.79998779296875,2018-12-10
222,Goodrich,R17,2018-07-01,40.36263427,-120.953173,14.96640347,1.172326096,0.180741275,,32.0,39904,39382,40458,43766,11844,11627,1,1580,5.196074628529962,283.1000061035156,299.79998779296875,2018-12-10
223,Goodrich,R22,2018-07-01,40.36268228,-120.952682,14.31633102,1.121208173,0.787099101,,33.0,39160,39476,40191,42460,11670,11522,1,1579,2.433026293972217,283.1000061035156,299.79998779296875,2018-12-10
224,Goodrich,R24,2018-07-01,40.3627108,-120.952175,13.37989338,1.132790677,0.075794728,,34.0,39344,37227,36725,36222,18308,19292,1,1583,8.828551435216692,283.1000061035156,299.79998779296875,2018-01-24
225,Goodrich,R3,2018-07-01,40.36562882,-120.949073,12.12256193,1.307618139,0.763777646,,35.0,31687,31933,32406,38933,17625,16202,2,1584,3.89854030069436,283.1000061035156,299.79998779296875,2018-12-10
226,Goodrich,R5,2018-07-01,40.365631,-120.94956,10.03114116,1.082685473,0.62967928,,36.0,39637,40051,41928,41286,8915,9445,2,1585,7.407485117486538,283.1000061035156,299.79998779296875,2018-12-26
227,Goodrich,R7,2018-07-01,40.36563256,-120.950046,9.804460952,1.189671231,0.880384921,,37.0,36550,37520,39438,43045,9210,9461,1,1592,11.760483106412893,283.1000061035156,299.79998779296875,2018-12-26
228,Greenville,V1,2018-07-01,40.23818046,-120.909457,9.999476007,0.983212459,1.206885288,,38.0,41200,38828,39164,38673,19474,16173,125,1539,2.2163686165095204,285.6000061035156,299.8999938964844,2018-06-17
229,Greenville,V12,2018-07-01,40.23787941,-120.910426,15.47609271,1.210972296,2.536208214,,39.0,41830,39668,40036,39653,19029,15774,125,1540,0.9274099368611016,285.6000061035156,299.8999938964844,2018-06-17
230,Greenville,V14,2018-07-01,40.23923895,-120.909829,13.37524014,1.16477769,2.874369309,,40.0,44366,42553,42971,42686,20806,17087,125,1539,2.428593961882968,285.6000061035156,299.8999938964844,2018-06-17
231,Greenville,V21,2018-07-01,40.23927026,-120.910573,14.80664437,1.138889937,2.518717123,,41.0,43581,41937,42388,42058,16463,13509,125,1539,2.5992497944408672,285.6000061035156,299.8999938964844,2018-06-17
232,Greenville,V23,2018-07-01,40.23890324,-120.910805,12.6109549,1.049199928,4.157049325,,42.0,43446,41589,42037,41692,17214,14209,125,1542,1.5281990239463612,285.6000061035156,299.8999938964844,2018-06-17
233,Greenville,V5,2018-07-01,40.2383362,-120.909868,14.715686,1.280212576,0.839572375,,43.0,42892,41039,41355,40845,21475,17947,125,1539,2.2163686165095204,285.6000061035156,299.8999938964844,2018-06-17
234,Greenville,V8,2018-07-01,40.23824721,-120.910194,12.47409621,1.052210811,3.655638046,,44.0,42868,40874,41248,40814,21380,17922,125,1540,2.216368616492517,285.6000061035156,299.8999938964844,2018-06-17
235,Loney,L10,2018-07-01,39.42075848,-120.655334,17.93376234,1.365167672,1.613494853,,45.0,49449,47142,46974,45995,18813,19181,1,1826,4.044760645588306,285.0,297.5,2018-05-16
236,Loney,L11,2018-07-01,39.42299807,-120.6437,15.85924411,1.47949974,3.774635769,,46.0,45635,44234,44500,43238,27206,21726,41,1843,6.5996154429065035,285.5,298.3999938964844,2018-02-18
237,Loney,L4,2018-07-01,39.42012524,-120.654793,14.94021713,1.291312467,7.513939534,,47.0,49812,47431,47262,46337,19180,19184,1,1824,3.714139330581523,285.0,297.5,2018-05-16
238,Loney,L5,2018-07-01,39.42228976,-120.645139,9.250491747,0.510477525,2.755857861,,48.0,54694,52039,53225,52740,36768,30040,41,1834,2.5724749843155528,285.5,298.3999938964844,2018-02-18
239,Loney,L6,2018-07-01,39.42070463,-120.654992,13.2373754,1.064684542,4.673691511,,49.0,49342,47201,47017,45818,18556,19166,1,1827,1.516795334089002,285.0,297.5,2018-05-16
240,Loney,L7,2018-07-01,39.42301372,-120.644482,15.18910028,1.367197437,3.433093063,,50.0,52444,49592,50720,50019,32859,27146,41,1843,12.297106422544319,285.5,298.3999938964844,2018-02-18
241,Martis Control,MC13,2018-07-01,39.30439386,-120.106014,20.62885501,1.450234495,7.802484234,,51.0,41056,41013,42702,41129,9587,10302,201,1804,3.0283210582454503,278.3999938964844,299.29998779296875,2018-12-03
242,Martis Control,MC15,2018-07-01,39.30384095,-120.10685,7.412203115,0.496638544,5.470571965,,52.0,42645,42253,43456,40949,9488,10285,79,1798,5.20604421495231,278.3999938964844,299.29998779296875,2018-12-03
243,Martis Control,MC19,2018-07-01,39.30469082,-120.106923,15.83445291,1.068748662,5.205581934,,53.0,42259,42181,43648,41545,9771,10415,201,1799,2.568717676405506,278.3999938964844,299.29998779296875,2018-12-03
244,Martis Control,MC21,2018-07-01,39.30454411,-120.106466,21.539195,1.534211297,4.21628582,,54.0,41990,41855,43436,41617,9643,10356,201,1801,4.039456480970863,278.3999938964844,299.29998779296875,2018-12-03
245,Martis Control,MC23,2018-07-01,39.30434091,-120.107112,21.6339332,1.558433605,3.044441018,,55.0,42945,42612,44118,41862,9695,10402,201,1799,3.0283210582454503,278.3999938964844,299.29998779296875,2018-12-03
246,Martis Control,MC3,2018-07-01,39.30377892,-120.107947,26.52077539,2.084639084,3.474313734,,56.0,42580,42166,43664,41458,9494,10266,79,1797,5.206044214924383,278.3999938964844,299.29998779296875,2018-12-03
247,Martis Control,MC7,2018-07-01,39.3034382,-120.108135,15.08366454,0.905932229,7.508050866,,57.0,35075,33181,33370,31042,8658,9417,79,1790,7.305583514615116,278.3999938964844,299.29998779296875,2018-12-03
248,Martis Control,MC9,2018-07-01,39.30398804,-120.107308,16.21548602,1.137122618,5.182027265,,58.0,43163,42801,44193,41820,9539,10357,79,1797,3.892784479109368,278.3999938964844,299.29998779296875,2018-12-03
249,Middle Martis,MM12,2018-07-01,39.30375737,-120.112489,19.28036844,1.40548193,7.142953491,,59.0,42357,41648,42869,40325,9994,10634,2,1786,3.591144002580635,278.3999938964844,299.29998779296875,2018-12-03
250,Middle Martis,MM14,2018-07-01,39.30349845,-120.110056,14.64343233,1.006944152,5.28213461,,60.0,40497,39818,41190,39119,9426,10039,2,1791,1.5152074652458074,278.3999938964844,299.29998779296875,2018-12-03
251,Middle Martis,MM18,2018-07-01,39.30322014,-120.110415,19.06577503,1.336891056,11.56534267,,61.0,41298,40701,41843,39195,9464,10141,2,1790,2.5686645452598147,278.3999938964844,299.29998779296875,2018-12-03
252,Middle Martis,MM20,2018-07-01,39.30201298,-120.108478,8.549629111,0.692165102,2.249470926,,62.0,37505,36624,38067,36932,9171,9717,2,1799,3.8927742897410833,278.3999938964844,299.29998779296875,2018-12-03
253,Middle Martis,MM24,2018-07-01,39.30204346,-120.108973,10.08793014,0.725988467,3.178974418,,63.0,32069,31597,32460,31826,9236,9532,2,1800,3.8927742897317015,278.3999938964844,299.29998779296875,2018-12-03
254,Middle Martis,MM3,2018-07-01,39.30428043,-120.113822,19.39406545,1.384666404,6.12421404,,64.0,40336,39654,41128,39641,10018,10585,1,1784,1.854334168853263,278.3999938964844,299.29998779296875,2018-12-03
255,Middle Martis,MM5,2018-07-01,39.30399766,-120.114133,22.45213794,1.62548579,7.481131244,,65.0,42475,41625,42979,40690,10125,10849,1,1785,3.708370333641903,278.3999938964844,299.29998779296875,2018-12-03
256,Middle Martis,MM8,2018-07-01,39.30398376,-120.112171,15.94709147,1.177614424,7.54338287,,66.0,41834,41459,42759,40262,9933,10582,2,1787,3.028306051229356,278.3999938964844,299.29998779296875,2018-12-03
257,Osa,O10,2018-07-01,36.18112893,-118.307414,7.127084525,0.705026744,1.294340743,,67.0,38795,38581,39926,39055,11394,11889,26,2590,2.9507860151785144,282.8999938964844,297.0,2018-02-20
258,Osa,O12,2018-07-01,36.18126411,-118.308058,13.76658577,0.838394511,4.349451327,,68.0,45942,45242,45806,40486,8819,9416,26,2586,0.0,282.8999938964844,297.0,2018-03-08
259,Osa,O16,2018-07-01,36.18095129,-118.308515,5.538804479,0.768533958,0.437277278,,69.0,45090,44708,45137,39996,8914,9495,27,2589,3.007642154202962,282.8999938964844,297.0,2018-03-08
260,Osa,O22,2018-07-01,36.18087268,-118.310153,7.610850703,0.8123724,3.037619493,,70.0,45339,44364,44907,39844,8984,9469,27,2584,3.565242725935911,282.8999938964844,297.0,2018-03-08
261,Osa,O4,2018-07-01,36.18078373,-118.308996,11.76361398,0.74621823,1.690805476,,71.0,44888,44188,44641,39578,9003,9536,27,2588,5.885988987701018,282.8999938964844,297.0,2018-03-08
262,Osa,O6,2018-07-01,36.18052454,-118.30958,14.19492354,1.051521728,1.498403473,,72.0,45443,44533,45043,40000,9055,9562,27,2588,2.1809952385742566,282.8999938964844,297.0,2018-03-08
263,Partnership,P10,2018-07-01,36.15833266,-118.274809,8.524418571,0.867981209,1.615010747,,73.0,40093,37906,38311,38450,24458,21248,3,2675,1.1485987568058436,280.29998779296875,297.29998779296875,2018-10-02
264,Partnership,P13,2018-07-01,36.15887679,-118.274212,8.544606226,0.842171005,6.104390803,,74.0,38698,36400,36834,37214,23838,20787,2,2674,3.877814063682502,280.29998779296875,297.29998779296875,2018-10-02
265,Partnership,P14,2018-07-01,36.15861151,-118.274179,5.224910756,0.578527304,0.099116183,,75.0,40193,39628,41860,42698,11557,12090,2,2674,2.9502740618627294,280.29998779296875,297.29998779296875,2018-02-20
266,Partnership,P18,2018-07-01,36.15656984,-118.27711,10.18296593,0.857638713,5.684604616,,76.0,39810,35762,36270,36710,20208,16967,4,2668,7.465779395933806,280.29998779296875,297.29998779296875,2018-10-02
267,Partnership,P2,2018-07-01,36.15754705,-118.274217,9.405279009,0.905099396,3.836379321,,77.0,43590,42813,44575,44172,11850,12531,3,2673,4.942963393524792,280.29998779296875,297.29998779296875,2018-02-20
268,Partnership,P8,2018-07-01,36.15725521,-118.273898,9.498468955,0.772901158,7.981767918,,78.0,36026,33338,33518,33854,20573,17895,3,2677,7.988975342796504,280.29998779296875,297.29998779296875,2018-10-02
269,Smith,S12,2019-07-15,37.76212504,-120.12188,7.419025687,0.501455946,2.810235308,,79.0,42762,40855,40402,39392,22476,17598,4,929,2.521447994672465,286.8999938964844,307.1000061035156,2019-01-20
270,Smith,S16,2019-07-15,37.76193701,-120.120841,10.13654779,0.685658314,1.545046382,,80.0,43058,40767,40526,39633,21900,17309,56,932,3.8850808503882894,286.5,306.70001220703125,2019-01-20
271,Smith,S18,2019-07-15,37.76014601,-120.119534,7.866298306,0.536982204,2.1688953,,81.0,44463,42265,42089,41166,23607,20038,56,925,1.4951826848725296,286.5,306.70001220703125,2019-01-20
272,Smith,S22,2019-07-15,37.76050971,-120.119759,6.996911233,,0.787099101,,82.0,44951,42808,42707,41691,24345,20647,56,925,1.173018716572432,286.5,306.70001220703125,2019-01-20
273,Smith,S4,2019-07-15,37.76149567,-120.12077,6.426668791,0.410425516,3.00263731,,83.0,42198,41664,40953,39664,23835,19232,56,929,3.704791833671086,286.5,306.70001220703125,2019-01-20
274,Smith,S8,2019-07-15,37.76122651,-120.119777,7.23995932,0.500441746,2.821896035,,84.0,42347,41585,41078,39819,23427,19079,56,928,12.875804345110561,286.5,306.70001220703125,2019-01-20
275,Upper Loney,UL10,2018-07-01,39.42324197,-120.643852,15.03219375,1.07659142,11.18846796,,85.0,40467,39974,41562,44534,9084,9728,41,1847,12.821854661144439,285.5,298.3999938964844,2018-12-03
276,Upper Loney,UL14,2018-07-01,39.42267443,-120.644653,14.51396979,1.040583562,8.962551701,,86.0,54115,51349,52615,52089,34911,28531,41,1839,11.239567406145994,285.5,298.3999938964844,2018-02-18
277,Upper Loney,UL3,2018-07-01,39.42899305,-120.651146,12.27744346,0.938932118,11.58889734,,87.0,46956,45576,46499,44489,9345,10207,3,1887,5.547544894541524,285.5,298.3999938964844,2018-12-03
278,Upper Loney,UL7,2018-07-01,39.42823706,-120.65126,16.74326325,1.364780963,6.98984814,,88.0,44920,42378,41921,40448,17960,18584,3,1888,5.674391161864254,285.5,298.3999938964844,2018-05-16
279,Upper Loney,UL8,2018-07-01,39.42290416,-120.644794,10.06993321,0.630258753,2.897224335,,89.0,53458,50410,51506,50715,34606,28350,41,1849,12.110545439633471,285.5,298.3999938964844,2018-02-18
280,Upper Loney,UL9,2018-07-01,39.42856751,-120.650712,7.503549489,0.543794165,4.01607113,,90.0,47585,45953,46860,43705,9106,10005,3,1883,6.038562600830019,285.5,298.3999938964844,2018-12-03
281,Bean,BE2,2016-06-01,37.75339282,-120.141393,23.82526814,,0.0,7.132436418,1.0,28478,27650,27742,29640,14416,14260,55,967,3.9717973991256255,283.6000061035156,306.3999938964844,2016-12-13
282,Bean,BE20,2016-06-01,37.75377668,-120.143884,7.066598423,,0.0,2.148890233,2.0,28633,27856,27824,29618,14461,14274,2,967,0.0,283.6000061035156,306.3999938964844,2016-12-13
283,Bean,BE24,2016-06-01,37.75351333,-120.143522,6.023794789,,0.0,1.926459589,3.0,28710,27929,27923,29745,14466,14279,2,967,0.9274099368492421,283.6000061035156,306.3999938964844,2016-12-13
284,Bean,BE4,2016-06-01,37.75376251,-120.141385,5.263597523,,0.0,1.730008962,4.0,28242,27534,27568,29433,14441,14261,55,968,3.6345160742688485,283.6000061035156,306.3999938964844,2016-12-13
285,Bean,BE6,2016-06-01,37.75338843,-120.140897,5.070618307,,0.0,1.437154574,5.0,28386,27620,27574,29476,14483,14277,55,967,4.627367505860409,283.6000061035156,306.3999938964844,2016-12-13
286,Bean,BE8,2016-06-01,37.75263388,-120.142132,8.994209763,,0.36148255,2.641511981,6.0,28791,27901,27864,29753,14446,14271,2,968,0.9274099368492421,283.6000061035156,306.3999938964844,2016-12-13
287,Bonita,BO11,2016-07-13,36.04088827,-118.333106,13.70369253,,7.474526275,6.528450976,7.0,51924,49320,48762,46109,18362,18249,18,2543,5.0470492141325956,281.0,295.29998779296875,2016-01-30
288,Bonita,BO13,2016-07-13,36.03774023,-118.329693,9.023286962,,4.664290967,11.55832664,8.0,51191,48626,48044,45384,17794,17805,18,2532,3.9030664595194797,281.0,295.29998779296875,2016-01-30
289,Bonita,BO16,2016-07-13,36.03728437,-118.330227,7.272930238,,6.308453533,7.722145246,9.0,51308,48846,48226,45519,18003,17974,6,2529,6.464860749435276,281.0,295.29998779296875,2016-01-30
290,Bonita,BO17,2016-07-13,36.03738875,-118.330534,15.28571559,,,6.652211689,10.0,51321,48901,48250,45571,18004,17945,6,2530,7.308025699138249,281.0,295.29998779296875,2016-01-30
291,Bonita,BO2,2016-07-13,36.04019003,-118.332431,9.149498322,,2.098930935,3.80052937,11.0,51775,49204,48619,45962,18116,18192,18,2539,1.4747717115283203,281.0,295.29998779296875,2016-01-30
292,Bonita,BO21,2016-07-13,36.03646599,-118.330256,17.87685768,,4.145388597,10.27623386,12.0,51177,48821,48189,45454,18004,17875,6,2536,1.4747308402468942,281.0,295.29998779296875,2016-01-30
293,Bonita,BO6,2016-07-13,36.0402798,-118.332006,11.22827825,,4.506871147,7.525786853,13.0,51644,49089,48483,45891,17921,17927,18,2540,2.947591852746174,281.0,295.29998779296875,2016-01-30
294,Bonita,BO7,2016-07-13,36.04049153,-118.332985,10.17341492,,5.7837208,7.275358463,14.0,52001,49458,48857,46248,18385,18321,18,2541,3.6014778509521777,281.0,295.29998779296875,2016-01-30
295,Deer,D11,2016-07-13,39.42049541,-120.655402,15.36029841,,4.466058601,12.68443219,15.0,44258,43925,44747,41186,7265,8032,1,1826,1.2004508063540187,282.79998779296875,296.0,2016-02-20
296,Deer,D12,2016-07-13,39.42802454,-120.651048,15.31258447,,2.302993665,14.57415042,16.0,41725,42047,43256,40537,7068,7887,3,1886,9.016348457911697,281.70001220703125,297.0,2016-02-20
297,Deer,D14,2016-07-13,39.42932558,-120.650599,15.47850049,,1.364305108,10.03017655,17.0,35338,34763,35029,37075,19242,18088,1,1891,6.573549226334118,281.70001220703125,297.0,2016-10-17
298,Deer,D15,2016-07-13,39.42054608,-120.655742,16.38317721,,0.938688557,7.594368546,18.0,49359,47322,48311,45440,11053,11946,1,1826,1.5167953341375762,282.79998779296875,296.0,2016-11-27
299,Deer,D16,2016-07-13,39.42928175,-120.65011,17.20538872,,1.545046383,9.593619084,19.0,44060,43941,45022,41981,7178,8008,3,1886,8.769707890907577,281.70001220703125,297.0,2016-02-20
300,Deer,D20,2016-07-13,39.42890242,-120.650167,15.93460375,,1.609180384,7.789854527,20.0,43346,41995,42870,41026,10387,11145,3,1884,6.888974341637581,281.70001220703125,297.0,2016-11-27
301,Deer,D20,2016-07-13,39.42890242,-120.650167,15.93460375,,1.609180384,7.789854527,21.0,43346,41995,42870,41026,10387,11145,3,1884,6.888974341637581,281.70001220703125,297.0,2016-11-27
302,Deer,D21,2016-07-13,39.42116249,-120.656298,13.44354158,,1.107769104,9.729834154,22.0,46717,45874,46952,44460,10919,11819,62,1819,6.646138040662084,281.70001220703125,297.0,2016-11-27
303,Deer,D24,2016-07-13,39.42852742,-120.650225,14.77328205,,3.480727134,9.358348887,23.0,44792,44160,45138,42803,10714,11514,3,1883,10.546165703238902,281.70001220703125,297.0,2016-11-27
304,East Creek,C1,2015-07-04,40.24418042,-120.900972,9.388781042,,0.958114454,4.284204864,24.0,35258,34768,34624,34674,27542,24286,37,1543,5.877969823126605,289.1860046386719,303.5933837890625,2015-05-08
305,East Creek,C12,2015-07-04,40.24346585,-120.900515,11.6658849,,0.73010747,2.527008054,25.0,32503,31340,31262,31228,23274,19902,37,1543,1.5282623828892237,289.1860046386719,303.5933837890625,2015-05-08
306,East Creek,C14,2015-07-04,40.24376207,-120.90226,12.132928,,0.0,1.789176797,26.0,37832,37473,37875,38347,31398,27244,37,1548,7.404311798718247,289.1860046386719,303.5933837890625,2015-05-08
307,East Creek,C16,2015-07-04,40.24340594,-120.902429,12.94747738,,0.623380797,4.816789112,27.0,39509,38836,39527,40103,32744,28920,37,1541,4.426221754986762,289.1860046386719,303.5933837890625,2015-05-08
308,East Creek,C21,2015-07-04,40.24314264,-120.902276,6.676372952,,0.123705917,4.349883175,28.0,40472,39738,40448,41091,33924,30479,37,1540,1.5282584225141693,289.1860046386719,303.5933837890625,2015-05-08
309,East Creek,C23,2015-07-04,40.24300747,-120.901803,10.48476581,,0.220730165,2.459702315,29.0,37664,37045,37783,38474,29915,26002,37,1539,0.9274099368492421,289.1860046386719,303.5933837890625,2015-05-08
310,East Creek,C5,2015-07-04,40.24382567,-120.901141,9.716445153,,0.451162756,5.101197957,30.0,35432,33395,33809,33944,24869,22238,37,1541,3.0333830504494537,289.1860046386719,303.5933837890625,2015-05-08
311,East Creek,C8,2015-07-04,40.2435983,-120.900989,8.522558855,,0.325031233,1.639645823,31.0,35432,33395,33809,33944,24869,22238,37,1540,2.5993892384909905,289.1860046386719,303.5933837890625,2015-05-08
312,Goodrich,R11,2015-07-04,40.3652384,-120.950044,6.685136038,,1.789921659,1.944773689,32.0,48057,45630,45185,42521,14596,15572,1,1583,3.0342559178821644,287.77471923828125,303.2692565917969,2015-12-18
313,Goodrich,R15,2015-07-04,40.36300816,-120.953197,11.41231139,,0.0,3.637387052,33.0,48950,46436,46016,43289,14840,15793,1,1581,4.581228385943674,287.77471923828125,303.2692565917969,2015-12-18
314,Goodrich,R17,2015-07-04,40.36263427,-120.953173,13.06467748,,5.293970248,4.268652426,34.0,49009,46532,46066,43388,14814,15842,1,1580,5.196074628529962,287.77471923828125,303.2692565917969,2015-12-18
315,Goodrich,R22,2015-07-04,40.36268228,-120.952682,12.02649479,,1.096108378,4.002974896,35.0,48928,46428,45955,43285,14834,15836,1,1579,2.433026293972217,287.77471923828125,303.2692565917969,2015-12-18
316,Goodrich,R24,2015-07-04,40.3627108,-120.952175,13.16289681,,0.483920188,3.973444726,36.0,48668,46222,45739,43100,14808,15756,1,1583,8.828551435216692,287.77471923828125,303.2692565917969,2015-12-18
317,Goodrich,R3,2015-07-04,40.36562882,-120.949073,15.51839201,,2.37295803,4.082942661,37.0,47946,45597,45011,42483,14666,15609,2,1584,3.89854030069436,287.77471923828125,303.2692565917969,2015-12-18
318,Goodrich,R5,2015-07-04,40.365631,-120.94956,12.3842364,,0.174910911,3.39224127,38.0,47921,45679,45019,42517,14684,15603,2,1585,7.407485117486538,287.77471923828125,303.2692565917969,2015-12-18
319,Goodrich,R7,2015-07-04,40.36563256,-120.950046,12.75677349,,0.979501103,3.33268935,39.0,47981,45633,44985,42387,14700,15600,1,1592,11.760483106412893,287.77471923828125,303.2692565917969,2015-12-18
320,Greenville,V1,2015-07-04,40.23818046,-120.909457,11.73377377,,1.687866506,4.176728774,40.0,36277,34687,35047,35291,28375,24356,125,1539,2.2163686165095204,289.1860046386719,303.5933837890625,2015-05-08
321,Greenville,V12,2015-07-04,40.23787941,-120.910426,13.20989354,,2.153971901,4.834922199,41.0,40339,38630,39618,40467,32006,28095,125,1540,0.9274099368611016,289.1860046386719,303.5933837890625,2015-05-08
322,Greenville,V14,2015-07-04,40.23923895,-120.909829,13.58251433,,0.0,5.20888689,42.0,38324,37218,37566,37554,31998,28437,125,1539,2.428593961882968,289.1860046386719,303.5933837890625,2015-05-08
323,Greenville,V21,2015-07-04,40.23927026,-120.910573,16.83028248,,2.298747061,6.761000708,43.0,39011,37823,38403,38558,31964,27826,125,1539,2.5992497944408672,289.1860046386719,303.5933837890625,2015-05-08
324,Greenville,V23,2015-07-04,40.23890324,-120.910805,15.11993081,,1.451282707,5.721490525,44.0,39829,38286,38921,39282,32690,28830,125,1542,1.5281990239463612,289.1860046386719,303.5933837890625,2015-05-08
325,Greenville,V5,2015-07-04,40.2383362,-120.909868,16.5387401,,1.366536272,6.282330371,45.0,38164,36856,37532,38001,30538,26429,125,1539,2.2163686165095204,289.1860046386719,303.5933837890625,2015-05-08
326,Greenville,V8,2015-07-04,40.23824721,-120.910194,12.70597988,,0.858057659,5.413309131,46.0,40436,39198,40009,40485,33208,29340,125,1540,2.216368616492517,289.1860046386719,303.5933837890625,2015-05-08
327,Loney,L10,2016-07-03,39.42075848,-120.655334,13.5849345,,3.259173313,10.83792182,47.0,46992,45184,45858,42855,10685,11465,1,1826,4.044760645588306,287.0,297.20001220703125,2016-11-27
328,Loney,L11,2016-07-03,39.42299807,-120.6437,16.01180989,,5.608809888,10.23975036,48.0,35606,33921,35096,37540,10995,11292,41,1843,6.5996154429065035,285.20001220703125,297.70001220703125,2016-11-27
329,Loney,L4,2016-07-03,39.42012524,-120.654793,9.384489833,,7.188838454,8.198680623,49.0,43984,44136,45218,41716,7261,8033,1,1824,3.714139330581523,287.0,297.20001220703125,2016-02-20
330,Loney,L5,2016-07-03,39.42228976,-120.645139,14.42026777,,5.288139885,8.180362042,50.0,40375,40723,42260,41888,11149,11689,41,1834,2.5724749843155528,285.20001220703125,297.70001220703125,2016-11-27
331,Loney,L6,2016-07-03,39.42070463,-120.654992,12.20849529,,9.456849936,7.485004481,51.0,44588,43968,45047,41484,7307,8079,1,1827,1.516795334089002,287.0,297.20001220703125,2016-02-20
332,Loney,L7,2016-07-03,39.42301372,-120.644482,12.81621075,,6.611632446,8.657938502,52.0,39312,37669,37092,36681,24363,20580,41,1843,12.297106422544319,285.20001220703125,297.70001220703125,2016-12-04
333,Martis Control,MC13,2016-06-01,39.30439386,-120.106014,13.63563534,,1.323492562,8.68530765,53.0,43593,42682,43598,39464,8726,9318,201,1804,3.0283210582454503,278.29998779296875,299.0,2016-01-12
334,Martis Control,MC15,2016-06-01,39.30384095,-120.10685,5.268924604,,1.667484021,1.84549365,54.0,43272,42200,43103,39026,8565,9216,79,1798,5.20604421495231,278.29998779296875,299.0,2016-01-12
335,Martis Control,MC19,2016-06-01,39.30469082,-120.106923,14.00687731,,1.183563833,6.3311409,55.0,43863,43336,44285,40114,8663,9339,201,1799,2.568717676405506,278.29998779296875,299.0,2016-01-12
336,Martis Control,MC21,2016-06-01,39.30454411,-120.106466,13.29092338,,0.029151818,7.02391005,56.0,44092,43454,44463,40215,8735,9371,201,1801,4.039456480970863,278.29998779296875,299.0,2016-01-12
337,Martis Control,MC23,2016-06-01,39.30434091,-120.107112,18.06619916,,1.661653657,10.1630741,57.0,44288,43546,44562,40314,8702,9377,201,1799,3.0283210582454503,278.29998779296875,299.0,2016-01-12
338,Martis Control,MC3,2016-06-01,39.30377892,-120.107947,14.32069179,,0.239044912,8.56356555,58.0,43466,42951,43784,39500,8599,9291,79,1797,5.206044214924383,278.29998779296875,299.0,2016-01-12
339,Martis Control,MC7,2016-06-01,39.3034382,-120.108135,15.48259551,,2.273841846,7.52680485,59.0,38254,37041,37276,38079,24383,20350,79,1790,7.305583514615116,278.29998779296875,299.0,2016-11-27
340,Martis Control,MC9,2016-06-01,39.30398804,-120.107308,14.18779661,,0.139928729,10.14777835,60.0,43405,42609,43412,39176,8678,9299,79,1797,3.892784479109368,278.29998779296875,299.0,2016-01-12
341,Middle Martis,MM12,2016-06-01,39.30375737,-120.112489,16.4197747,,2.489565304,11.90330405,61.0,43244,42511,43617,39795,8390,9330,2,1786,3.591144002580635,278.29998779296875,299.0,2016-01-12
342,Middle Martis,MM14,2016-06-01,39.30349845,-120.110056,7.465773037,,0.565545279,5.15115795,62.0,42215,41516,42413,38545,8496,9292,2,1791,1.5152074652458074,278.29998779296875,299.0,2016-01-12
343,Middle Martis,MM18,2016-06-01,39.30322014,-120.110415,13.10435404,,2.553699305,8.7186971,63.0,42027,41265,42197,38430,8549,9287,2,1790,2.5686645452598147,278.29998779296875,299.0,2016-01-12
344,Middle Martis,MM20,2016-06-01,39.30201298,-120.108478,4.700366543,,0.058303637,3.09526765,64.0,39211,38656,39434,36373,8675,9238,2,1799,3.8927742897410833,278.29998779296875,299.0,2016-01-12
345,Middle Martis,MM24,2016-06-01,39.30204346,-120.108973,10.48893833,,0.507241643,4.5112227,65.0,39902,37494,37072,35848,21206,17967,2,1800,3.8927742897317015,278.29998779296875,299.0,2016-12-13
346,Middle Martis,MM3,2016-06-01,39.30428043,-120.113822,14.44262817,,0.244875276,8.48700235,66.0,44089,43467,44690,40850,8429,9310,1,1784,1.854334168853263,278.29998779296875,299.0,2016-01-12
347,Middle Martis,MM5,2016-06-01,39.30399766,-120.114133,17.78773735,,0.466429096,8.0085149,67.0,43777,42977,44073,40263,8431,9340,1,1785,3.708370333641903,278.29998779296875,299.0,2016-01-12
348,Middle Martis,MM8,2016-06-01,39.30398376,-120.112171,11.42969551,,0.99116183,7.61496395,68.0,43678,43256,44346,40383,8341,9299,2,1787,3.028306051229356,278.29998779296875,299.0,2016-01-12
349,Osa,O10,2016-07-13,36.18112893,-118.307414,7.647737816,,1.381796199,3.552660322,69.0,51859,49028,48409,45686,19649,20819,26,2590,2.9507860151785144,279.6000061035156,295.0,2016-01-30
350,Osa,O12,2016-07-13,36.18126411,-118.308058,11.51694972,,1.410948018,9.714485542,70.0,51648,50047,49984,47410,11141,11318,26,2586,0.0,279.6000061035156,295.0,2016-01-14
351,Osa,O16,2016-07-13,36.18095129,-118.308515,9.466396481,,1.078617286,3.284601503,71.0,51564,50199,50085,47546,10908,11241,27,2589,3.007642154202962,279.6000061035156,295.0,2016-01-14
352,Osa,O22,2016-07-13,36.18087268,-118.310153,10.02784299,,5.538845524,3.991478774,72.0,51247,50167,49911,47354,11095,11422,27,2584,3.565242725935911,279.6000061035156,295.0,2016-01-14
353,Osa,O4,2016-07-13,36.18078373,-118.308996,11.77197375,,0.845402738,8.244079726,73.0,51350,49975,49978,47375,10862,11260,27,2588,5.885988987701018,279.6000061035156,295.0,2016-01-14
354,Osa,O6,2016-07-13,36.18052454,-118.30958,11.70990831,,0.583036371,6.390837231,74.0,51145,49249,49262,46919,11141,11449,27,2588,2.1809952385742566,279.6000061035156,295.0,2016-01-14
355,Partnership,P10,2016-07-13,36.15833266,-118.274809,10.03839913,,1.358474744,3.957380243,75.0,51038,48453,47826,45020,16605,17394,3,2675,1.1485987568058436,277.29998779296875,295.6000061035156,2016-01-30
356,Partnership,P13,2016-07-13,36.15887679,-118.274212,8.377516303,,0.15741982,3.123445936,76.0,50942,48480,47808,44949,16679,17442,2,2674,3.877814063682502,277.29998779296875,295.6000061035156,2016-01-30
357,Partnership,P18,2016-07-13,36.15656984,-118.27711,8.855159844,,2.524547486,4.609022706,77.0,50793,48213,47581,44859,16504,17239,4,2668,7.465779395933806,277.29998779296875,295.6000061035156,2016-01-30
358,Partnership,P2,2016-07-13,36.15754705,-118.274217,11.09598985,,,3.970793943,78.0,51012,48410,47731,45016,16489,17278,3,2673,4.942963393524792,277.29998779296875,295.6000061035156,2016-01-30
359,Partnership,P22,2016-07-13,36.15694296,-118.277125,8.795278254,,0.612188189,3.652212367,79.0,50893,48407,47755,44963,16776,17473,4,2667,5.161351221200245,277.29998779296875,295.6000061035156,2016-01-30
360,Partnership,P8,2016-07-13,36.15725521,-118.273898,9.535551667,,0.104946547,4.210560749,80.0,51259,48472,47899,45192,16714,17553,3,2677,7.988975342796504,277.29998779296875,295.6000061035156,2016-01-30
361,Smith,S12,2016-06-01,37.76212504,-120.12188,7.498274507,,0.0,2.489694658,81.0,30425,29325,29314,31063,15078,14764,4,929,2.521447994672465,283.79998779296875,306.29998779296875,2016-12-13
362,Smith,S16,2016-06-01,37.76193701,-120.120841,13.30616695,,2.786913853,4.078385444,82.0,30579,29395,29408,31178,15131,14812,56,932,3.8850808503882894,283.29998779296875,305.29998779296875,2016-12-13
363,Smith,S18,2016-06-01,37.76014601,-120.119534,6.50785231,,0.0,2.019935753,83.0,27871,26804,27020,29375,14704,14285,56,925,1.4951826848725296,283.29998779296875,305.29998779296875,2016-12-13
364,Smith,S2,2016-06-01,37.76116716,-120.120232,5.015318577,,0.0,1.376884671,84.0,29757,28678,28757,30645,15084,14711,56,926,4.381127356207329,283.29998779296875,305.29998779296875,2016-12-13
365,Smith,S22,2016-06-01,37.76050971,-120.119759,5.500667809,,0.093285819,1.500654881,85.0,28283,27313,27411,29651,14782,14382,56,925,1.173018716572432,283.29998779296875,305.29998779296875,2016-12-13
366,Smith,S8,2016-06-01,37.76122651,-120.119777,9.316829659,,0.0,2.838441815,86.0,29732,28554,28671,30594,15069,14647,56,928,12.875804345110561,283.29998779296875,305.29998779296875,2016-12-13
367,Upper Loney,UL10,2016-07-18,39.42324197,-120.643852,6.539661512,,1.410948018,11.60517505,87.0,45707,43885,45840,48059,11385,11855,41,1847,12.821854661144439,283.6000061035156,296.8999938964844,2016-11-27
368,Upper Loney,UL14,2016-07-19,39.42267443,-120.644653,6.662424396,,2.093100572,11.37938216,88.0,44312,44782,45821,44414,11388,12023,41,1839,11.239567406145994,284.0,294.20001220703125,2016-11-27
369,Upper Loney,UL16,2016-07-20,39.42226906,-120.644583,5.21669984,,0.303178913,5.0560298,89.0,38120,38018,39392,39147,11057,11602,41,1835,1.516818038296766,282.79998779296875,295.3999938964844,2016-11-27
370,Upper Loney,UL3,2016-07-15,39.42899305,-120.651146,8.800514798,,2.658645851,18.59956297,90.0,47005,46820,48224,46528,11063,11922,3,1887,5.547544894541524,283.70001220703125,301.79998779296875,2016-11-27
371,Upper Loney,UL7,2016-07-16,39.42823706,-120.65126,6.513737017,,1.078617286,8.417655462,91.0,41924,40523,40666,40303,29051,23470,3,1888,5.674391161864254,284.20001220703125,301.1000061035156,2016-04-24
372,Upper Loney,UL8,2016-07-17,39.42290416,-120.644794,4.244995012,,0.635509644,5.187412685,92.0,40936,39811,40755,43917,10703,11182,41,1849,12.110545439633471,284.3999938964844,298.29998779296875,2016-11-27
373,Tahoe Keys,KP 1,2021-10-18,38.94009799,-120.003337,4.185650158,0.291395534,2.063710238,,,39758,37284,36705,35188,18144,16435,1,1904,4.758816041712112,271.1000061035156,288.3999938964844,2021-12-27
374,Tahoe Keys,KP 2,2021-10-18,38.93993899,-120.003419,1.843352681,0.149551431,1.632501839,,,39758,37284,36705,35188,18144,16435,1,1904,9.058204169786563,271.1000061035156,288.3999938964844,2021-12-27
375,Tahoe Keys,KP 3,2021-10-18,38.93986196,-120.003591,1.548009931,0.126082181,0.536393462,,,39003,36449,36008,34409,17524,16052,1,1904,9.058204169786563,271.1000061035156,288.3999938964844,2021-12-27
376,Tahoe Keys,KP 4,2021-10-18,38.94011501,-120.003263,2.797583351,0.184643538,5.953792509,,,38455,36272,35682,34072,17517,16039,1,1904,4.758816041712112,271.1000061035156,288.3999938964844,2021-12-27
377,Tahoe Keys,KP 5,2021-10-18,38.94003798,-120.003439,1.542584482,0.12888333,0.390634369,,,39758,37284,36705,35188,18144,16435,1,1902,8.989611933375942,271.1000061035156,288.3999938964844,2021-12-27
378,Tahoe Keys,KP 6,2021-10-18,38.939956,-120.003649,1.446266955,0.127085094,0.40812546,,,40548,37827,37515,35854,18529,16647,1,1898,4.758816041833281,271.1000061035156,288.3999938964844,2021-12-27
379,Tahoe Keys,KP Tree 1,2021-10-18,38.94005902,-120.002965,2.900234247,0.181240543,2.757762034,,,38455,36272,35682,34072,17517,16039,1,1906,0.9274099368729609,271.1000061035156,288.3999938964844,2021-12-27
380,Tahoe Keys,KP Tree 2,2021-10-18,38.94047099,-120.002835,3.425951008,0.258366093,1.142751287,,,39677,36704,36347,34761,17555,15981,1,1906,2.2041103746087622,271.1000061035156,288.3999938964844,2021-12-27
381,Tahoe Keys,KP Tree 4,2021-10-18,38.93969801,-120.004472,1.277676121,0.124969057,0.186571639,,,40871,38208,37767,36085,19086,17050,2,1898,0.0,271.1000061035156,288.3999938964844,2021-12-27
382,Upper Truckee Marsh,UTM 1,2021-10-18,38.938748,-120.001462,3.910807648,0.290483485,0.530563097,,,36943,34736,34041,33356,21617,20994,1,1900,4.522584267134838,271.1000061035156,288.3999938964844,2021-12-11
383,Upper Truckee Marsh,UTM 2,2021-10-18,38.93804904,-120.001171,6.66271906,0.494363707,1.381796199,,,36657,34523,33825,33308,21593,20864,1,1895,9.52526733865111,271.1000061035156,288.3999938964844,2021-12-11
384,Upper Truckee Marsh,UTM 3,2021-10-18,38.93807703,-120.000708,6.522408788,0.483904951,1.877377115,,,37787,37918,38435,34011,7627,7761,1,1895,10.362923546850464,271.1000061035156,288.3999938964844,2021-02-10
385,Upper Truckee Marsh,UTM 4,2021-10-18,38.93809002,-120.000014,9.858542159,0.775125343,1.766600204,,,36595,34330,33679,33193,21480,20787,1,1902,3.0243990526755713,271.1000061035156,288.3999938964844,2021-12-11
386,Upper Truckee Marsh,UTM 5,2021-10-18,38.93842597,-119.999274,10.64810311,0.78676679,0.705474009,,,36873,34571,33948,33411,21615,20943,4,1899,1.5103132373663262,271.1000061035156,288.3999938964844,2021-12-11
387,Upper Truckee Marsh,UTM 6,2021-10-18,38.938718,-119.999877,7.577850401,0.502992222,1.4459302,,,37190,34574,33975,33506,21502,20934,4,1902,5.504967800577041,271.1000061035156,288.3999938964844,2021-12-11
388,Upper Truckee Marsh,UTM 7,2021-10-18,38.936993,-120.001067,8.124580409,0.531424418,3.060940947,,,36747,34780,34049,33408,21641,20936,3,1895,6.6227959810280534,271.1000061035156,288.3999938964844,2021-12-11
389,Upper Truckee Marsh,UTM10,2021-10-18,38.93731906,-120.001272,4.776407617,0.382522752,2.856878218,,,38148,38566,39428,35176,7710,7798,3,1898,11.209580665498171,271.1000061035156,288.3999938964844,2021-02-10
390,Upper Truckee Marsh,UTM11,2021-10-18,38.93669926,-120.001488,3.049269898,0.262160275,0.466429097,,,39318,39928,40370,35437,7769,7822,3,1902,4.758593373067153,271.1000061035156,288.3999938964844,2021-02-10
391,Upper Truckee Marsh,UTM12,2021-10-18,38.93607182,-120.001015,5.623041389,0.499189166,1.539216019,,,35852,34146,33393,32872,21219,20591,3,1905,1.510283763300736,271.1000061035156,288.3999938964844,2021-12-11
392,Upper Truckee Marsh,UTM13,2021-10-18,38.9354848,-120.000883,6.209895864,0.546014346,1.240648394,,,37838,38407,39195,34880,7731,7786,3,1901,1.1922004660505299,271.1000061035156,288.3999938964844,2021-02-10
393,Upper Truckee Marsh,UTM14,2021-10-18,38.93760603,-120.001889,3.188729701,0.292463235,1.217692283,,,40491,41045,41446,35643,7701,7789,1,1903,7.6310424390994225,271.1000061035156,288.3999938964844,2021-02-10
394,Upper Truckee Marsh,UTM8,2021-10-18,38.93807904,-120.002303,5.705847622,0.372405897,1.498403473,,,36606,36974,37684,33279,8022,7961,1,1905,5.104130114227013,271.1000061035156,288.3999938964844,2021-02-10
395,Upper Truckee Marsh,UTM9,2021-10-18,38.93782224,-120.001457,4.759829693,0.422946027,1.702466203,,,36623,34628,33811,33397,21577,20848,1,1899,8.101246593489162,271.1000061035156,288.3999938964844,2021-12-11
396,Upper Truckee Marsh,UTMC1,2021-10-18,38.93642798,-120.001982,4.452234643,0.321299986,0.483920187,,,36802,34499,33915,33416,21454,20789,3,1899,6.219303019331669,271.1000061035156,288.3999938964844,2021-12-11
397,Upper Truckee Marsh,UTMC2,2021-10-18,38.93666803,-120.002111,3.551687574,0.291168902,0.47225946,,,36775,34607,33915,33396,21542,20889,3,1897,1.510291131502806,271.1000061035156,288.3999938964844,2021-12-11
398,Upper Truckee Marsh,UTMC3,2021-10-18,38.93685302,-120.002202,1.849484341,0.137243032,0.256536003,,,36775,34607,33915,33396,21542,20889,3,1898,4.777196610525152,271.1000061035156,288.3999938964844,2021-12-11
399,Upper Lacey,ULA1,2021-10-15,39.45528496,-120.430683,8.819243801,0.739646207,1.043635103,,,45125,42736,43374,41156,8931,10072,74,2096,3.893581633545615,271.20001220703125,284.20001220703125,2021-12-18
400,Upper Lacey,ULA2,2021-10-15,39.45519997,-120.430439,8.565936473,0.675654355,1.323492562,,,45513,44240,45045,42567,9049,10207,74,2098,2.7802885155287553,271.20001220703125,284.20001220703125,2021-12-18
401,Upper Lacey,ULA3,2021-10-15,39.45364303,-120.432238,7.491941157,0.643102334,0.069964364,,,43670,43379,44735,43793,10010,10704,7,2099,3.893572816197476,271.20001220703125,284.20001220703125,2021-12-11
402,Upper Lacey,ULA4,2021-10-15,39.45354798,-120.431887,4.456634669,0.339008294,0.040812546,,,42532,42663,43994,43026,9850,10553,7,2098,3.7158017856992362,271.20001220703125,284.20001220703125,2021-12-11
403,Upper Lacey,ULA5,2021-10-15,39.45251198,-120.433988,18.74439002,1.838835535,1.066956559,,,41158,40699,42146,42831,9088,10012,69,2100,2.4009480329829676,271.20001220703125,284.20001220703125,2021-12-11
404,Upper Lacey,ULA6,2021-10-15,39.45229598,-120.433845,9.400822657,0.872396664,0.577206008,,,43424,43790,45154,43906,9512,10449,69,2100,2.4009480329829676,271.20001220703125,284.20001220703125,2021-12-11
405,Van Norden,NC1,2021-07-01,39.31943518,-120.373859,5.163908748,0.354080227,6.500855535,2.173880195,,47836,46369,46636,42438,8099,8572,2,2067,0.0,286.29998779296875,298.8999938964844,2021-02-10
406,Van Norden,NC1,2022-07-06,39.31943518,-120.373859,4.458376626,0.28484386,1.615010747,4.636460526,,47148,45789,45975,43088,9610,10206,2,2067,0.0,281.20001220703125,289.6000061035156,2022-12-14
407,Van Norden,NC10,2021-07-01,39.31978512,-120.375709,7.0549608,0.422573131,0.845402738,2.648628483,,41739,39790,39621,39611,24733,23657,90,2067,0.0,286.29998779296875,298.8999938964844,2021-01-25
408,Van Norden,NC10,2022-07-06,39.31978512,-120.375709,1.555692008,0.151241868,1.486742746,1.218268952,,47327,46078,46314,43340,10497,11081,90,2067,0.0,281.20001220703125,289.6000061035156,2022-12-14
409,Van Norden,NC2,2022-07-06,39.31957617,-120.373989,3.17257668,0.213637356,2.582851123,2.796153311,,47148,45789,45975,43088,9610,10206,2,2067,0.0,281.20001220703125,289.6000061035156,2022-12-14
410,Van Norden,NC3,2021-07-01,39.31948816,-120.3741231,7.905192932,0.480104191,3.778075684,2.872346734,,41727,40837,41715,41419,9257,9564,2,2067,0.0,286.29998779296875,298.8999938964844,2021-02-10
411,Van Norden,NC3,2022-07-06,39.31948816,-120.3741231,1.285939363,0.117802557,3.894682958,1.338226041,,47260,45991,46295,43384,9823,10416,2,2067,0.0,281.20001220703125,289.6000061035156,2022-12-14
412,Van Norden,NC4,2022-07-06,39.31938212,-120.37401,1.659443266,0.203177513,1.684975112,1.305062362,,47148,45789,45975,43088,9610,10206,2,2067,0.0,281.20001220703125,289.6000061035156,2022-12-14
413,Van Norden,NC5,2021-07-01,39.31926419,-120.37391,3.590637039,0.254086687,1.504233837,1.873351876,,48766,47327,47610,42640,7703,8167,2,2067,0.0,286.29998779296875,298.8999938964844,2021-02-10
414,Van Norden,NC5,2022-07-06,39.31926419,-120.37391,1.669666318,0.156755698,2.332145484,2.349166302,,47920,46780,47157,44199,9709,10312,2,2067,0.0,281.20001220703125,289.6000061035156,2022-12-14
415,Van Norden,NC6,2021-07-01,39.31971312,-120.375465,10.68440507,0.703052404,1.708296567,4.58193024,,41739,39790,39621,39611,24733,23657,90,2067,0.0,286.29998779296875,298.8999938964844,2021-01-25
416,Van Norden,NC6,2022-07-06,39.31971312,-120.375465,3.821002118,0.324475804,1.218546015,3.39795302,,47327,46078,46314,43340,10497,11081,90,2067,0.0,281.20001220703125,289.6000061035156,2022-12-14
417,Van Norden,NC7,2022-07-06,39.31983818,-120.375549,2.155858114,0.193118258,6.745730811,1.862527782,,47327,46078,46314,43340,10497,11081,90,2067,0.0,281.20001220703125,289.6000061035156,2022-12-14
418,Van Norden,NC8,2021-07-01,39.31995218,-120.375636,7.241051263,0.453525503,2.489565304,2.806941399,,41491,39124,39075,39235,23666,22553,90,2067,0.0,286.29998779296875,298.8999938964844,2021-01-25
419,Van Norden,NC8,2022-07-06,39.31995218,-120.375636,1.25030671,0.14053107,3.958816958,1.255349157,,46872,45578,45786,42861,10388,10988,90,2067,0.0,281.20001220703125,289.6000061035156,2022-12-14
420,Van Norden,NC9,2022-07-06,39.3198842,-120.375779,2.083062018,0.194811189,1.708296567,2.140233435,,47391,46147,46449,43536,10538,11150,90,2067,0.0,281.20001220703125,289.6000061035156,2022-12-14
421,Van Norden,G14,2021-07-01,39.31315364,-120.3709565,7.460745985,0.772048242,1.719957294,4.869869498,,42044,40658,40247,39679,17975,17600,86,2067,0.0,286.29998779296875,298.8999938964844,2021-01-25
422,Van Norden,H7,2021-07-01,39.31766474,-120.3707197,8.578405994,0.878564995,2.868538945,4.915485775,,40894,39241,38913,38783,19493,19156,1,2067,0.0,287.29998779296875,298.20001220703125,2021-01-25
423,Van Norden,H7,2023-09-13,39.31766474,-120.3707197,,,0.577206007,,,47169,44590,44083,42215,18600,17590,1,2067,0.0,280.79998779296875,293.8999938964844,2023-01-15
424,Van Norden,I9,2021-07-01,39.31743986,-120.3745184,6.974511898,0.535328791,1.976493297,3.548130195,,49154,48187,48512,43194,9323,9705,2,2067,0.0,286.29998779296875,298.8999938964844,2021-02-10
425,Van Norden,W32,2021-07-01,39.31606025,-120.3722608,8.09208257,0.858067171,1.236037106,4.196589477,,54283,53785,54384,47106,7459,8150,86,2067,0.0,286.29998779296875,298.8999938964844,2021-02-10
426,Van Norden,W35,2021-07-01,39.31559693,-120.3706691,3.766741981,0.44987825,0.367312913,3.944386147,,41084,40242,41560,40586,9168,9881,79,2067,0.0,287.29998779296875,298.20001220703125,2021-12-11
427,Van Norden,W36,2021-07-01,39.31536826,-120.373224,6.520326637,0.613101124,0.36148255,2.455620133,,42192,40676,40535,40637,25196,24502,86,2067,0.0,286.29998779296875,298.8999938964844,2021-01-25
428,Van Norden,W9,2021-07-01,39.31462464,-120.3719645,2.554876756,0.25607696,1.096108377,3.198331588,,39939,38357,38075,38103,18831,18494,86,2067,0.0,286.29998779296875,298.8999938964844,2021-01-25
429,Van Norden,NN1,2022-07-06,39.31662787,-120.3623811,1.419360995,0.154711857,3.416593134,3.060098521,,47129,45304,45989,43035,9296,9967,2,2067,0.0,281.3999938964844,288.70001220703125,2022-12-14
430,Van Norden,NN10,2021-07-01,39.31631346,-120.3651832,7.461718973,0.567766352,2.12225239,3.374576453,,49105,48440,48921,42091,7123,7912,1,2067,0.0,287.29998779296875,298.20001220703125,2021-02-10
431,Van Norden,NN10,2022-07-06,39.31631346,-120.3651832,2.176452389,0.23689853,3.620655863,1.961850987,,47528,45758,46415,43540,9985,10672,1,2067,0.0,281.3999938964844,288.70001220703125,2022-12-14
432,Van Norden,NN2,2021-07-01,39.3162669,-120.3626729,11.63394484,1.016459816,2.792744217,5.181514312,,41545,42396,41311,39696,14693,14528,1,2067,0.0,287.29998779296875,298.20001220703125,2021-01-25
433,Van Norden,NN2,2022-07-06,39.3162669,-120.3626729,1.336849537,0.147570003,1.171903106,1.180989793,,46962,45105,45791,42893,9390,10053,1,2067,0.0,281.3999938964844,288.70001220703125,2022-12-14
434,Van Norden,NN3,2021-07-01,39.31546959,-120.3632974,5.76741449,0.469878367,4.355281691,2.447889097,,39322,37882,38886,38183,9106,9729,1,2067,0.0,287.29998779296875,298.20001220703125,2021-12-11
435,Van Norden,NN3,2022-07-06,39.31546959,-120.3632974,1.958146177,0.279125569,3.340798405,1.82689667,,47415,45601,46280,43358,10191,10829,1,2067,0.0,281.3999938964844,288.70001220703125,2022-12-14
436,Van Norden,NN4,2022-07-06,39.31514604,-120.3635538,2.816126384,0.364818323,1.101938741,2.050100668,,47775,45965,46774,43895,10264,10905,1,2067,0.0,281.3999938964844,288.70001220703125,2022-12-14
437,Van Norden,NN5,2021-07-01,39.31488082,-120.3636826,7.463073756,0.751342928,1.317662198,3.270316609,,42248,41009,42093,40640,9079,9824,1,2067,0.0,287.29998779296875,298.20001220703125,2021-12-11
438,Van Norden,NN5,2022-07-06,39.31488082,-120.3636826,3.70039681,0.514879914,1.224376379,3.873429239,,47217,45404,46072,43130,10289,10932,1,2067,0.0,281.3999938964844,288.70001220703125,2022-12-14
439,Van Norden,NN6,2022-07-06,39.31776718,-120.3643626,3.821677572,0.349139568,4.215352962,4.688630687,,47761,46085,46803,43929,9256,9929,1,2067,0.0,281.3999938964844,288.70001220703125,2022-12-14
440,Van Norden,NN7,2021-07-01,39.31751453,-120.3645024,8.201095389,0.768499034,4.192031507,5.064010495,,50238,49482,49414,47231,14907,14727,1,2067,0.0,287.29998779296875,298.20001220703125,2021-01-25
441,Van Norden,NN7,2022-07-06,39.31751453,-120.3645024,2.306329645,0.216184909,3.987968777,4.667137021,,47379,45596,46275,43505,9431,10111,1,2067,0.0,281.3999938964844,288.70001220703125,2022-12-14
442,Van Norden,NN8,2021-07-01,39.31716238,-120.3647212,7.201156161,0.519585512,4.559344421,4.422879007,,51417,50042,50360,48038,14698,14528,1,2067,0.0,287.29998779296875,298.20001220703125,2021-01-25
443,Van Norden,NN8,2022-07-06,39.31716238,-120.3647212,4.387403337,0.389795708,3.56818259,5.536129761,,47763,46102,46796,43956,9743,10461,1,2067,0.0,281.3999938964844,288.70001220703125,2022-12-14
444,Van Norden,NN9,2022-07-06,39.31691695,-120.3648593,3.247459483,0.292518223,4.104576051,2.706217383,,47768,45973,46684,43901,9861,10566,1,2067,0.0,281.3999938964844,288.70001220703125,2022-12-14
445,Van Norden,NS1,2021-07-01,39.31302811,-120.3646516,5.681179132,0.377101928,5.054925336,2.518412449,,46188,45326,45825,40368,9248,9977,1,2067,0.0,287.29998779296875,298.20001220703125,2021-02-10
446,Van Norden,NS1,2022-07-06,39.31302811,-120.3646516,1.546193321,0.166420694,3.387441315,1.5122489,,47186,45430,46116,43198,10631,11292,1,2067,0.0,281.3999938964844,288.70001220703125,2022-12-14
447,Van Norden,NS10,2021-07-01,39.31165102,-120.3681901,10.10153055,0.742428721,0.588866735,5.038293805,,45161,42287,41703,39614,22921,19051,3,2068,1.5153165146849619,287.29998779296875,298.20001220703125,2021-12-27
448,Van Norden,NS10,2022-07-06,39.31165102,-120.3681901,5.989806862,0.501661377,0.92702783,5.847063887,,41487,39074,38731,37713,24577,21101,3,2068,1.5153165146849619,281.3999938964844,288.70001220703125,2022-11-12
449,Van Norden,NS2,2022-07-06,39.31268802,-120.3647665,1.962032819,0.193951539,4.897505516,3.407120637,,47265,45522,46197,43229,10694,11326,1,2067,0.0,281.3999938964844,288.70001220703125,2022-12-14
450,Van Norden,NS3,2021-07-01,39.31210227,-120.3649675,11.72381001,1.225096141,1.125260196,6.778576703,,47574,45469,44793,42939,17221,17036,76,2067,0.0,287.29998779296875,298.20001220703125,2021-11-09
451,Van Norden,NS3,2022-07-06,39.31210227,-120.3649675,4.830922979,0.570722212,2.442922394,5.51487886,,47393,45649,46423,43438,10586,11204,76,2067,0.0,281.3999938964844,288.70001220703125,2022-12-14
452,Van Norden,NS4,2022-07-06,39.31179049,-120.3650652,6.844130758,0.68378972,1.486742746,6.296253788,,46813,44958,45664,42730,10295,10880,76,2067,0.0,281.3999938964844,288.70001220703125,2022-12-14
453,Van Norden,NS5,2021-07-01,39.31142099,-120.3651835,7.104989076,0.651059212,1.125260196,5.026246554,,48307,45921,45394,43604,17468,17122,76,2067,0.0,287.29998779296875,298.20001220703125,2021-11-09
454,Van Norden,NS5,2022-07-06,39.31142099,-120.3651835,5.684896919,0.464614417,2.128082754,7.899033333,,46537,44695,45309,42147,9985,10549,76,2067,0.0,281.3999938964844,288.70001220703125,2022-12-14
455,Van Norden,NS6,2021-07-01,39.31312936,-120.3670585,4.761300254,0.297874269,3.165887494,2.131528796,,44994,43887,44323,39397,11237,11793,79,2067,0.0,287.29998779296875,298.20001220703125,2021-02-10
456,Van Norden,NS6,2022-07-06,39.31312936,-120.3670585,0.525454413,0.083220874,3.585673681,0.737870987,,47336,45826,46356,43648,11017,11590,79,2067,0.0,281.3999938964844,288.70001220703125,2022-12-14
457,Van Norden,NS7,2022-07-06,39.31297158,-120.3672171,1.660845461,0.173430739,5.212345156,1.959047002,,47523,45981,46590,43706,10979,11583,79,2067,0.0,281.3999938964844,288.70001220703125,2022-12-14
458,Van Norden,NS8,2021-07-01,39.31244672,-120.3676056,6.80514998,0.79681009,5.801211891,4.80358007,,48937,48100,48668,42115,7438,8162,3,2067,0.0,287.29998779296875,298.20001220703125,2021-02-10
459,Van Norden,NS8,2022-07-06,39.31244672,-120.3676056,3.411871281,0.400038026,5.94114062,3.827455575,,47481,45848,46580,43681,10647,11254,3,2067,0.0,281.3999938964844,288.70001220703125,2022-12-14
460,Van Norden,NS9,2022-07-06,39.31198879,-120.3679579,6.149433502,0.674870083,2.722779852,8.481577381,,46858,45206,45963,42937,10408,11044,3,2067,0.0,281.3999938964844,288.70001220703125,2022-12-14
