Site,ID,SampleDate,Latitude,Longitude,HerbBio.g.m2,ShrubBio.g.m2,x,y
East Creek,C25,9/2/2021,40.24583397,-120.894679,0.48,,168704.05130592652,4462323.758045223
East Creek,C26,9/2/2021,40.24564496,-120.894703,2.24,,168701.08613233233,4462302.860640379
East Creek,C27,9/2/2021,40.24554798,-120.89491,53.6,,168682.99970739183,4462292.866924211
East Creek,C28,9/2/2021,40.24548604,-120.895201,50.24,,168657.93716281408,4462287.078412833
East Creek,C29,9/2/2021,40.24536802,-120.89554,0.0,,168628.51649060624,4462275.24266729
East Creek,C30,9/2/2021,40.24525998,-120.895828,0.0,,168603.48387302528,4462264.324264109
East Creek,C31,9/2/2021,40.24506703,-120.896094,4.48,,168579.90823577304,4462243.895367602
East Creek,C32,9/2/2021,40.244918,-120.896391,0.0,,168553.9093763599,4462228.459378281
East Creek,C33,9/2/2021,40.24479595,-120.896664,52.16,,168530.08432555007,4462215.929403964
East Creek,C34,9/2/2021,40.24463997,-120.89697,12.32,,168503.28551289672,4462199.755564681
East Creek,C35,9/2/2021,40.24439002,-120.89711,37.6,,168490.15184669982,4462172.525956755
Greenville,V25,9/2/2021,40.229545,-120.911065,0.0,,167229.96049839223,4460576.518296853
Greenville,V26,9/2/2021,40.22548296,-120.909389,0.32,,167352.6921288431,4460119.181517316
Greenville,V27,9/2/2021,40.225763,-120.909474,1.12,,167346.83000626572,4460150.595811208
Greenville,V28,9/2/2021,40.22605402,-120.909564,0.0,,167340.59620759735,4460183.2480904665
Greenville,V29,9/2/2021,40.22630296,-120.909694,0.0,,167330.75184216915,4460211.37817036
Greenville,V30,9/2/2021,40.22655903,-120.909877,1.92,,167316.43167687836,4460240.499071733
Greenville,V31,9/2/2021,40.226827,-120.909949,21.12,,167311.6171390834,4460270.524349596
Greenville,V32,9/2/2021,40.22711098,-120.91005,0.0,,167304.41295699571,4460302.436298053
Greenville,V33,9/2/2021,40.22738599,-120.910167,6.56,,167295.80314407795,4460333.412361347
Greenville,V34,9/2/2021,40.22765496,-120.910251,0.0,,167289.97239889862,4460363.593787401
Greenville,V35,9/2/2021,40.227963,-120.910343,1.28,,167283.65236692753,4460398.143526171
Greenville,V37,9/2/2021,40.22849198,-120.910485,0.0,,167274.16008774948,4460457.413833089
Greenville,V38,9/2/2021,40.22877696,-120.91058,4.32,,167267.47190176276,4460489.414338898
Greenville,V39,9/2/2021,40.22903596,-120.910654,0.0,,167262.44367347617,4460518.451185151
Greenville,V40,9/2/2021,40.22902398,-120.910631,13.44,,167264.34240296402,4460517.034529764
Greenville,V41,9/2/2021,40.22901099,-120.910651,0.0,,167262.5765823751,4460515.667298385
Greenville,V42,9/2/2021,40.22957098,-120.910839,0.0,,167249.32189240353,4460578.553795934
Greenville,V43,9/2/2021,40.22984096,-120.910928,10.72,,167243.07108661928,4460608.866227621
Coyote,Y8,7/8/2016,40.11126839,-120.4192016,1.76,,208582.56452084339,4445712.872940209
Clover Valley,CV3,11/5/2016,39.96197512,-120.4131519,14.4,,208462.35138060537,4429117.726147902
Clover Valley,CV1,11/5/2016,39.9614702,-120.4134275,24.0,,208436.65825753112,4429062.569768289
Lower Clarks,LC8,7/27/2016,40.12324277,-120.5041704,28.16,,201391.63329396286,4447324.6639144
Lower Dixie,LX6,7/18/2016,39.93969703,-120.339184,42.72,,214688.9992227576,4426404.911202386
Clover Valley,CV5,11/5/2016,39.96180673,-120.4136264,49.6,,208421.09679345234,4429100.583769227
Clover Valley,CV12,11/5/2016,39.96250327,-120.4139947,54.4,,208392.59455952974,4429179.1221788395
Clover Valley,CV8,11/5/2016,39.96253445,-120.4134874,57.6,,208436.06740865175,4429180.923389835
Clover Valley,CV10,11/5/2016,39.96291071,-120.4135297,65.6,,208434.05401444057,4429222.835831856
Lower Clarks,LC2,7/27/2016,40.12324898,-120.5032104,67.52,,201473.48443750438,4447322.1248493055
Lower Clarks,LC12,7/27/2016,40.12289886,-120.5043605,71.68,,201373.92354048433,4447287.119676189
Coyote,Y6,7/8/2016,40.11030765,-120.4171755,83.52,,208751.17986357393,4445599.558991509
Coyote,Y2,7/8/2016,40.11010582,-120.4176001,120.16,,208714.12132551195,4445578.543149218
Lower Dixie,LX2,7/18/2016,39.93969301,-120.338712,138.56,,214729.31984775182,4426402.954074815
Coyote,Y4,7/8/2016,40.11039759,-120.4178613,149.76,,208693.10089587496,4445611.79401006
McReynolds,M5,8/9/2016,39.96023596,-120.488891,150.4,,201984.06749458192,4429175.263323892
Lower Dixie,LX4,7/18/2016,39.93929202,-120.338708,151.2,,214727.9943810873,4426358.4223698415
Lower Dixie,LX11,7/18/2016,39.93820396,-120.338482,195.2,,214742.78480523446,4426236.8999493625
Alkali Flat,A3,7/8/2016,40.09507086,-120.3448771,216.32,,214850.75829636306,4443673.310804664
Poco,P7,7/7/2016,39.97169059,-120.5279623,225.76,,198696.2790329529,4430578.479881234
Lower Clarks,LC10,7/27/2016,40.12339767,-120.5046246,242.24,,201353.59911480598,4447343.38998033
Coyote,Y12,7/8/2016,40.11144239,-120.41871,248.8,,208625.21548356896,4445730.578437097
Lower Clarks,LC4,7/27/2016,40.12336364,-120.5036824,267.2,,201433.75664746325,4447336.4425857775
Dotta,D1,6/29/2016,39.90285002,-120.369144,275.36,,211974.04577971238,4422410.387704741
Coyote,Y10,7/8/2016,40.11158656,-120.4194028,286.88,,208566.77271621046,4445748.858412514
Dotta,D5,6/29/2016,39.90274399,-120.368636,292.8,,212017.0388108492,4422396.975681742
Dotta,D3,6/29/2016,39.90238499,-120.368752,307.36,,212005.6149706758,4422357.493097419
Alkali Flat,A1,7/8/2016,40.09484899,-120.3442265,335.52,,214905.30540295434,4443646.589797629
Big Flat,F8,8/2/2017,40.14846073,-120.4615125,347.2,,205136.66307919467,4449981.942366409
Dixie,X5,7/18/2016,39.93482203,-120.332041,417.6,,215279.21435523714,4425840.836413617
Dotta,D10,7/7/2016,39.90626656,-120.3808085,422.72,,210991.0240565057,4422827.4338955
Big Flat,F12,8/2/2017,40.14845227,-120.4610242,433.44,,205178.23009162868,4449979.380585748
Dotta,D8,7/7/2016,39.90622348,-120.3813162,443.84,,210947.43296194676,4422824.296330972
Lower Dixie,LX9,7/18/2016,39.93814697,-120.338016,451.68,,214782.3733390895,4426229.081495368
Lower Clarks,LC6,7/27/2016,40.12288084,-120.5033593,455.36,,201459.18059284944,4447281.751686456
Lower Dixie,LX7,7/18/2016,39.93859003,-120.338434,500.16,,214748.49209926435,4426279.608770518
Upper Clarks,UC10,8/4/2016,40.13574597,-120.508032,500.8,,201117.3463861656,4448725.867773155
McReynolds,M10,8/9/2016,39.95878103,-120.486974,518.4,,202141.5287847672,4429007.31709721
Alkali Flat,A5,7/8/2016,40.09518997,-120.3443801,551.36,,214893.6333040053,4443684.93986779
McReynolds,M3,8/9/2016,39.95647903,-120.496402,554.4,,201325.98079796403,4428783.301870328
Upper Clarks,UC12,8/4/2016,40.13547499,-120.508348,591.84,,201089.22859070607,4448696.845503652
Dixie,X10,7/18/2016,39.93350197,-120.332292,602.56,,215252.28468273167,4425695.082104215
Alkali Flat,A12,7/8/2016,40.0937404,-120.3429252,607.36,,215011.6323293607,4443519.334050691
Upper Clarks,UC4,8/4/2016,40.12885303,-120.503759,623.2,,201451.277967938,4447946.176710147
Alkali Flat,A8,7/8/2016,40.09377879,-120.3434385,649.6,,214968.02472359373,4443525.242940178
Poco,P9,7/7/2016,39.97208613,-120.5284366,656.64,,198657.5022665675,4430624.000219801
Dixie,X1,7/18/2016,39.93496503,-120.333205,691.36,,215180.3249494275,4425860.4312412655
Big Flat,F1,8/2/2017,40.1495622,-120.45974,700.96,,205292.44903693686,4450098.347380633
Upper Clarks,UC2,8/4/2016,40.12923097,-120.50364,710.4,,201463.07576970418,4447987.738460493
McReynolds,M8,8/9/2016,39.96043101,-120.489059,729.6,,201970.56207193382,4429197.480961515
Poco,P2,7/7/2016,39.9694351,-120.5234843,731.84,,199068.89972831443,4430312.919556925
Dixie,X12,7/18/2016,39.93366198,-120.332703,734.4,,215217.82132788847,4425714.159743056
Alkali Flat,A10,7/8/2016,40.09414684,-120.3433888,737.92,,214973.7999844852,4443565.946069989
Poco,P6,7/7/2016,39.96957659,-120.5230065,760.96,,199110.33764630242,4430327.014351547
Dixie,X3,7/18/2016,39.93454602,-120.333458,787.36,,215156.96266287158,4425814.720216634
Big Flat,F3,8/2/2017,40.14907463,-120.4601002,788.8,,205259.649680969,4450045.410087134
Big Flat,F10,8/2/2017,40.14806067,-120.4615,797.92,,205135.99575115403,4449937.483160203
Upper Clarks,UC6,8/4/2016,40.13476001,-120.506502,821.6,,201243.40546632488,4448611.247195197
Poco,P11,7/7/2016,39.97209133,-120.5279566,824.0,,198698.52815611137,4430622.953452364
Dotta,D12,7/7/2016,39.90658399,-120.381405,877.76,,210941.3574693224,4422864.609002297
Poco,P4,7/7/2016,39.96977356,-120.5236449,877.76,,199056.6667239474,4430351.0403021835
Upper Clarks,UC8,8/4/2016,40.134442,-120.506847,888.8,,201212.61020837945,4448577.100429879
Big Flat,F5,8/2/2017,40.14916884,-120.4596047,922.24,,205302.2741082639,4450054.224245144
McReynolds,M1,8/9/2016,39.95647299,-120.496834,1020.8,,201289.0435503297,4428784.079705519
Dixie,X7,7/18/2016,39.93445599,-120.33211,1081.44,,215271.798354041,4425800.418215881
McReynolds,M12,8/9/2016,39.95888002,-120.487443,1147.2,,202101.88808623794,4429019.875799825
Coyote,CYA1,10/25/2019,40.110799,-120.418486,,83.57026765,208641.56160197064,4445658.410358148
Coyote,CYA2,10/25/2019,40.11077201,-120.418585,,386.3053545,208633.0067633487,4445655.738564078
Coyote,CYA3,10/25/2019,40.11077402,-120.418735,0.444444444,141.0653634,208620.22821105446,4445656.453870897
Coyote,CYA4,10/25/2019,40.11076103,-120.418849,64.77777778,155.7786741,208610.45447281213,4445655.385684407
Coyote,CYB1,10/25/2019,40.11065198,-120.418513,6.333333333,114.0787241,208638.63171214645,4445642.175866984
Coyote,CYB2,10/25/2019,40.11064896,-120.418607,48.33333333,148.0021477,208630.60551827512,4445642.1489688875
Coyote,CYB3,10/25/2019,40.11064502,-120.418742,,104.1338811,208619.08023369836,4445642.154456896
Coyote,CYB4,10/25/2019,40.11064804,-120.418839,,459.5987284,208610.8241053773,4445642.8080212055
Coyote,CYD1,10/25/2019,40.11113302,-120.419001,,102.9416129,208599.0865535147,4445697.1850725375
Coyote,CYD2,10/25/2019,40.11115498,-120.418866,,230.7247641,208610.688764225,4445699.180242088
Coyote,CYD3,10/25/2019,40.11116202,-120.418762,23.77777778,172.3972748,208619.58454978734,4445699.620630522
Coyote,CYD4,10/25/2019,40.11117401,-120.418647,14.11111111,165.957912,208629.43920358847,4445700.574518528
Coyote,CYE1,10/25/2019,40.111259,-120.418994,,301.8506216,208600.22166790767,4445711.149186972
Coyote,CYE2,10/25/2019,40.11126998,-120.418896,,234.0433843,208608.62279674772,4445712.046692888
Coyote,CYE3,10/25/2019,40.11128004,-120.41876,31.11111111,117.5747257,208620.25937632076,4445712.717382639
Coyote,CYE4,10/25/2019,40.11129596,-120.418651,,105.2307473,208629.61932492553,4445714.127289404
Coyote,CYF1,10/25/2019,40.11139202,-120.419008,,77.6270657,208599.59668390424,4445725.963833494
Coyote,CYF2,10/25/2019,40.11140702,-120.418938,17.55555556,35.74418141,208605.62806525652,4445727.3995376425
Coyote,CYF3,10/25/2019,40.11142303,-120.418791,25.22222222,0.0,208618.2277633758,4445728.6947354125
Coyote,CYF4,10/25/2019,40.11142404,-120.418656,66.0,38.63005837,208629.740396514,4445728.3639321895
Upper Lacey,LAA1,8/29/2019,39.452212,-120.432503,339.6666667,,204640.43868189945,4372586.5652953945
Upper Lacey,LAA2,8/29/2019,39.45220797,-120.432367,117.5555556,,204652.12685530627,4372585.671769074
Upper Lacey,LAA3,8/29/2019,39.45219599,-120.432232,123.5555556,,204663.6953254544,4372583.898944602
Upper Lacey,LAA4,8/29/2019,39.45220001,-120.432096,251.7777778,,204675.41756047256,4372583.899151524
Upper Lacey,LAB1,8/29/2019,39.45233102,-120.43256,121.3333333,,204636.03643821966,4372599.965685484
Upper Lacey,LAB2,8/29/2019,39.45232096,-120.432439,38.77777778,,204646.4080615387,4372598.451915217
Upper Lacey,LAB3,8/29/2019,39.45230101,-120.432307,38.44444444,,204657.68458678707,4372595.804105202
Upper Lacey,LAB4,8/29/2019,39.45230696,-120.432202,175.3333333,,204666.7468714497,4372596.120249805
Upper Lacey,LAC1,8/29/2019,39.45243403,-120.432659,36.55555556,,204627.95162871992,4372611.726456357
Upper Lacey,LAC2,8/29/2019,39.45242397,-120.432522,73.77777778,,204639.70031663973,4372610.160187783
Upper Lacey,LAC3,8/29/2019,39.45241299,-120.432406,86.11111111,,204649.63769572164,4372608.56068619
Upper Lacey,LAC4,8/29/2019,39.45241702,-120.432298,69.77777778,,204658.9500458151,4372608.653824754
Upper Lacey,LAD1,8/29/2019,39.45296603,-120.432667,41.77777778,,204629.51429094613,4372670.814480662
Upper Lacey,LAD2,8/29/2019,39.45298104,-120.432554,6.555555556,,204639.30336518516,4372672.1101705525
Upper Lacey,LAD3,8/29/2019,39.45301096,-120.432444,49.77777778,,204648.89732365432,4372675.070997698
Upper Lacey,LAD4,8/29/2019,39.45301197,-120.432326,153.7777778,,204659.05748453544,4372674.796053113
Upper Lacey,LAE1,8/29/2019,39.45308799,-120.432742,25.88888889,,204623.5753720951,4372684.600327375
Upper Lacey,LAE2,8/29/2019,39.45314197,-120.432625,60.55555556,,204633.8736022177,4372690.209273391
Upper Lacey,LAE3,8/29/2019,39.45317198,-120.432535,6.666666667,,204641.74658991495,4372693.245692789
Upper Lacey,LAE4,8/29/2019,39.453161,-120.43237,25.11111111,,204655.9011269947,4372691.4854533225
Upper Lacey,LAF1,8/29/2019,39.453191,-120.432805,20.44444444,,204618.58908374753,4372696.243013207
Upper Lacey,LAF2,8/29/2019,39.45322403,-120.432721,85.77777778,,204625.95845328097,4372699.634376286
Upper Lacey,LAF3,8/29/2019,39.45324096,-120.432619,51.77777778,,204634.80888534058,4372701.179300601
Upper Lacey,LAF4,8/29/2019,39.45327197,-120.432453,42.33333333,,204649.22714913997,4372704.077429216
Lower Bear Creek,LBA1,7/19/2019,39.18422403,-120.210431,6.122222222,,222695.93005529582,4342131.895338065
Lower Bear Creek,LBA2,7/19/2019,39.18428396,-120.210351,3.422222222,,222703.07737061562,4342138.303229322
Lower Bear Creek,LBA2,7/19/2019,39.18414197,-120.210351,3.422222222,,222702.5187737969,4342122.54091544
Lower Bear Creek,LBA3,7/19/2019,39.18432897,-120.21026,3.255555556,,222711.11631579936,4342143.021178995
Lower Bear Creek,LBA4,7/19/2019,39.18440902,-120.210187,1.133333333,,222717.73799908534,4342151.684035612
Lower Bear Creek,LBB2,7/19/2019,39.18422403,-120.210225,13.22222222,,222713.72728872526,4342131.264630604
Lower Bear Creek,LBB3,7/19/2019,39.18421498,-120.210095,13.16666667,,222724.92295178812,4342129.861991515
Lower Bear Creek,LBB4,7/19/2019,39.18426703,-120.210038,,,222730.0521771728,4342135.465561259
Lower Bear Creek,LBC1,7/19/2019,39.18403996,-120.210235,7.122222222,,222712.1392309157,4342110.8616313385
Lower Bear Creek,LBC2,7/19/2019,39.18411498,-120.210116,7.444444444,,222722.71529409336,4342118.82528024
Lower Bear Creek,LBC3,7/19/2019,39.18418103,-120.210014,0.0,,222731.78734645958,4342125.845225901
Lower Bear Creek,LBC4,7/19/2019,39.18415203,-120.20997,11.42222222,,222735.4746253852,4342122.491235313
Lower Clarks,LCA1,7/24/2019,40.12455404,-120.504239,2.333333333,244.735973,201391.5317670604,4447470.482442102
Lower Clarks,LCA2,7/24/2019,40.12462,-120.504252,5.666666667,253.2153285,201390.71277211717,4447477.84958188
Lower Clarks,LCA3,7/24/2019,40.12475202,-120.504234,57.11111111,284.7704788,201392.82540914346,4447492.446964515
Lower Clarks,LCA4,7/24/2019,40.12481899,-120.504222,46.44444444,461.6109821,201394.141626339,4447499.842152103
Lower Clarks,LCB1,7/24/2019,40.12454499,-120.504076,16.55555556,152.0389844,201405.3848713758,4447468.929379579
Lower Clarks,LCB2,7/24/2019,40.12462604,-120.504067,0.333333333,139.1799898,201406.50707341835,4447477.897934451
Lower Clarks,LCB3,7/24/2019,40.124734,-120.504062,23.22222222,134.509442,201407.40625368,4447489.86770901
Lower Clarks,LCB4,7/24/2019,40.12482603,-120.504026,1.333333333,341.7634602,201410.8778069215,4447499.964539614
Lower Clarks,LCC1,7/24/2019,40.12452403,-120.50386,232.8888889,102.1810854,201423.70307662874,4447465.875744085
Lower Clarks,LCC2,7/24/2019,40.12461699,-120.503868,30.22222222,0.0,201423.42850035836,4447476.223820333
Lower Clarks,LCC3,7/24/2019,40.12471396,-120.503866,171.4444444,9.792714187,201424.02380977792,4447486.983486622
Lower Clarks,LCC4,7/24/2019,40.12480097,-120.503828,149.2222222,0.0,201427.64381013077,4447496.516236214
Upper Lacey,LLA1,8/29/2019,39.47478899,-120.419263,119.7777778,,205875.15939044062,4375049.67430507
Upper Lacey,LLA2,8/29/2019,39.47491304,-120.419141,145.6666667,,205886.1793312017,4375063.047420137
Upper Lacey,LLA3,8/29/2019,39.47499401,-120.419129,155.8888889,,205887.5532432529,4375071.997359528
Upper Lacey,LLA4,8/29/2019,39.47508696,-120.419038,146.2222222,,205895.77477648237,4375082.019125714
Lower Bear Creek,LLB1,7/19/2019,39.47466603,-120.419164,120.2222222,,205883.1588127304,4375035.699942527
Lower Bear Creek,LLB2,7/19/2019,39.474763,-120.419082,171.8888889,,205890.62297821318,4375046.197411875
Lower Bear Creek,LLB3,7/19/2019,39.47486199,-120.419077,132.8888889,,205891.47059441276,4375057.17077849
Lower Bear Creek,LLB4,7/19/2019,39.47494598,-120.418995,244.1111111,,205898.87999869784,4375066.227236159
Lower Clarks,LLC1,7/24/2019,39.47455597,-120.419067,176.6666667,,205891.04058218404,4375023.164262793
Lower Clarks,LLC2,7/24/2019,39.47462697,-120.419029,193.8888889,,205894.60948555096,4375030.922382425
Lower Clarks,LLC3,7/24/2019,39.474733,-120.419014,139.3333333,,205896.3471778438,4375042.6446386855
Lower Clarks,LLC4,7/24/2019,39.47481397,-120.418959,126.7777778,,205901.4207831655,4375051.454058736
Lower Lacey,LLD1,7/20/2019,39.47449302,-120.418875,189.2222222,,205907.2948268521,4375015.548220784
Lower Lacey,LLD2,7/20/2019,39.47459402,-120.418896,161.4444444,,205905.9138543476,4375026.829697799
Lower Lacey,LLD4,7/20/2019,39.47476401,-120.418779,39.55555556,,205916.6972674749,4375045.319376357
Lower Lacey,LLE1,7/20/2019,39.47438498,-120.418783,203.7777778,,205914.754973831,4375003.253164871
Lower Lacey,LLE2,7/20/2019,39.47449001,-120.418797,107.6666667,,205913.99325845367,4375014.959169396
Lower Lacey,LLE3,7/20/2019,39.474604,-120.418731,130.5555556,,205920.15251874307,4375027.398481735
Lower Lacey,LLE4,7/20/2019,39.474648,-120.418619,75.33333333,,205929.97449930588,4375031.917315276
Lower Lacey,LLF1,7/20/2019,39.47427199,-120.418685,148.4444444,,205922.7105177695,4374990.3889711425
Lower Lacey,LLF2,7/20/2019,39.474388,-120.418691,94.33333333,,205922.68340251083,4375003.287814225
Lower Lacey,LLF3,7/20/2019,39.47447601,-120.418617,110.0,,205929.4214391596,4375012.816736068
Lower Lacey,LLF4,7/20/2019,39.47452001,-120.418563,214.1111111,,205934.25311057927,4375017.525095979
Lower Perazzo,LPA1,8/13/2019,39.49416602,-120.323638,,718.3937681,214182.06275032804,4376892.7047375655
Lower Perazzo,LPA2,8/13/2019,39.49424104,-120.323753,160.2222222,95.69948948,214172.47875400452,4376901.3985498445
Lower Perazzo,LPA3,8/13/2019,39.49427398,-120.323815,186.5555556,1387.667749,214167.28096131288,4376905.252412443
Lower Perazzo,LPA4,8/13/2019,39.49432896,-120.323987,7.111111111,,214152.71202608309,4376911.902577104
Lower Perazzo,LPB1,8/13/2019,39.49427197,-120.323516,3.888888889,64.32396784,214192.99089029268,4376904.079356687
Lower Perazzo,LPB2,8/13/2019,39.49433198,-120.323617,8.777777778,70.1439793,214184.54954576655,4376911.062320976
Lower Perazzo,LPB3,8/13/2019,39.49438697,-120.32371,113.6666667,161.1401782,214176.77574223786,4376917.462576373
Lower Perazzo,LPB4,8/13/2019,39.49444497,-120.323855,147.5555556,,214164.54157993983,4376924.362210546
Lower Perazzo,LPC1,8/13/2019,39.49437699,-120.323397,37.66666667,,214203.6571444437,4376915.360274443
Lower Perazzo,LPC2,8/13/2019,39.49442997,-120.323506,50.55555556,1.820651924,214194.49887015898,4376921.588195844
Lower Perazzo,LPC3,8/13/2019,39.49450599,-120.323598,71.22222222,,214186.8973157173,4376930.319941693
Lower Perazzo,LPC4,8/13/2019,39.49452301,-120.323705,101.1111111,,214177.76364478574,4376932.549377038
Lower Perazzo,LPD1,8/13/2019,39.494479,-120.323261,79.0,16.30412393,214215.77326013148,4376926.253043685
Lower Perazzo,LPD2,8/13/2019,39.49455,-120.323339,179.0,483.4004646,214209.35529692634,4376934.382991523
Lower Perazzo,LPD3,8/13/2019,39.49459802,-120.323432,109.1111111,134.9447083,214201.55292275542,4376940.0094373645
Lower Perazzo,LPD4,8/13/2019,39.494651,-120.323524,181.6666667,,214193.85691068321,4376946.183356752
Lower Perazzo,LPE1,8/13/2019,39.49458897,-120.323159,147.4444444,,214224.9975158465,4376938.137521491
Lower Perazzo,LPE2,8/13/2019,39.49466801,-120.323262,120.1111111,181.7208243,214216.46218236507,4376947.239448863
Lower Perazzo,LPE3,8/13/2019,39.49471302,-120.323329,107.2222222,207.2673512,214210.88382489642,4376952.449135115
Lower Perazzo,LPE4,8/13/2019,39.49477203,-120.323467,52.77777778,338.9195976,214199.25593088334,4376959.438606261
Lower Perazzo,LPF1,8/13/2019,39.49471503,-120.323077,118.2222222,241.5450713,214232.56744150753,4376951.871792394
Lower Perazzo,LPF2,8/13/2019,39.49477698,-120.32317,134.7777778,48.54368476,214224.82218313526,4376959.044674883
Lower Perazzo,LPF3,8/13/2019,39.49483297,-120.323265,62.77777778,805.7660851,214216.8804767289,4376965.562260789
Lower Perazzo,LPF4,8/13/2019,39.494896,-120.323404,236.7777778,9.653225672,214205.18306882097,4376973.0011869185
Middle Clarks,MCA1,8/2/2019,40.12536398,-120.504147,3.333333333,157.8918512,201402.92190516886,4447560.099082326
Middle Clarks,MCA2,8/2/2019,40.12535099,-120.504277,1.888888889,229.0929759,201391.7850050283,4447559.094097592
Middle Clarks,MCA3,8/2/2019,40.125367,-120.504421,11.77777778,154.4822104,201379.5819484318,4447561.35603728
Middle Clarks,MCA4,8/2/2019,40.12542701,-120.504486,23.11111111,168.5704651,201374.30492542835,4447568.237483818
Middle Clarks,MCB1,8/2/2019,40.12550999,-120.504082,0.666666667,249.8543158,201409.10164628067,4447576.091665129
Middle Clarks,MCB2,8/2/2019,40.12547404,-120.504223,3.444444444,177.3859224,201396.92663130572,4447572.574467426
Middle Clarks,MCB3,8/2/2019,40.12550103,-120.504355,19.77777778,239.1632023,201385.7944750187,4447576.015123358
Middle Clarks,MCB4,8/2/2019,40.12557202,-120.504458,,341.2740711,201377.32681924623,4447584.243480426
Middle Clarks,MCC1,8/2/2019,40.12563304,-120.504065,24.77777778,232.0985463,201411.0897129369,4447589.696492823
Middle Clarks,MCC2,8/2/2019,40.12563899,-120.504199,6.333333333,376.020839,201399.69492642686,4447590.807825105
Middle Clarks,MCC3,8/2/2019,40.12563103,-120.504311,,315.2379036,201390.11425589042,4447590.300771811
Middle Clarks,MCC4,8/2/2019,40.12570404,-120.504398,,209.5261253,201383.01914869022,4447598.6995806275
Martis Wildlife,MWA1,7/13/2019,39.29926297,-120.133226,171.1111111,,229808.1696902904,4354668.731891596
Martis Wildlife,MWA2,7/13/2019,39.29936397,-120.133219,85.11111111,,229809.162179248,4354679.922958074
Martis Wildlife,MWA3,7/13/2019,39.29946003,-120.13321,124.3333333,,229810.30815680552,4354690.559655024
Martis Wildlife,MWA4,7/13/2019,39.29953697,-120.133195,118.5555556,,229811.8980512246,4354699.055900593
Martis Wildlife,MWB1,7/13/2019,39.299283,-120.133405,216.4444444,,229792.80776273692,4354671.490718102
Martis Wildlife,MWB2,7/13/2019,39.29937403,-120.133396,147.2222222,,229793.9344020217,4354681.569033948
Martis Wildlife,MWB3,7/13/2019,39.29947,-120.133385,106.6666667,,229795.25255665072,4354692.1897577215
Martis Wildlife,MWB4,7/13/2019,39.29956304,-120.133374,92.44444444,,229796.55943184893,4354702.485222683
Martis Wildlife,MWC1,7/13/2019,39.29929901,-120.133557,112.6666667,,229779.7591597223,4354673.7225656975
Martis Wildlife,MWC2,7/13/2019,39.29938802,-120.133553,116.0,,229780.44678373012,4354683.591594143
Martis Wildlife,MWC3,7/13/2019,39.29951199,-120.133566,182.6666667,,229779.80270529055,4354697.392371329
Martis Wildlife,MWC4,7/13/2019,39.29956798,-120.133551,76.55555556,,229781.31199162552,4354703.562954899
Martis Wildlife,MWD1,7/13/2019,39.29931602,-120.13368,111.2222222,,229769.21570432908,4354675.978710563
Martis Wildlife,MWD2,7/13/2019,39.29940001,-120.1337,208.5555556,,229767.81398530072,4354685.3622495225
Martis Wildlife,MWD3,7/13/2019,39.29948601,-120.133728,58.77777778,,229765.72999825526,4354694.992846051
Martis Wildlife,MWD4,7/13/2019,39.29956103,-120.133763,74.22222222,,229762.9999923082,4354703.425491202
Martis Wildlife,MWE1,7/13/2019,39.29943999,-120.133927,83.44444444,,229748.38883503212,4354690.479376498
Martis Wildlife,MWE2,7/13/2019,39.29953203,-120.133939,125.0,,229747.70814519672,4354700.732621813
Martis Wildlife,MWE3,7/13/2019,39.29963697,-120.133955,69.88888889,,229746.73211589037,4354712.429859758
Martis Wildlife,MWE4,7/13/2019,39.299715,-120.133978,86.11111111,,229745.048737838,4354721.160759273
Martis Wildlife,MWF2,7/13/2019,39.299599,-120.134128,167.0,,229731.66449704993,4354708.732290046
Martis Wildlife,MWF3,7/13/2019,39.29969204,-120.134134,71.33333333,,229731.50518955354,4354719.078600484
Martis Wildlife,MWF4,7/13/2019,39.29978197,-120.134144,121.4444444,,229730.98890713713,4354729.091635427
Kyburz,UKA1,7/19/2019,39.50736903,-120.23128,109.3333333,147.8427878,222178.71709494467,4378069.104699948
Kyburz,UKA2,7/19/2019,39.507292,-120.231368,91.88888889,145.325597,222170.8422801841,4378060.825044801
Kyburz,UKA3,7/19/2019,39.50730901,-120.231441,69.0,72.92129089,222164.6323753536,4378062.938887699
Kyburz,UKA4,7/19/2019,39.50725403,-120.231536,134.5555556,109.7782928,222156.24348998192,4378057.128742727
Kyburz,UKB1,7/19/2019,39.50751001,-120.231351,168.8888889,,222173.17350052012,4378084.9748531515
Kyburz,UKB2,7/19/2019,39.50741697,-120.23142,48.88888889,7.146323123,222166.86878119654,4378074.859170664
Kyburz,UKB3,7/19/2019,39.50747497,-120.231519,141.6666667,11.56452761,222158.5864393512,4378081.603822131
Kyburz,UKB4,7/19/2019,39.507364,-120.231651,157.4444444,30.91383934,222146.79243647197,4378069.692264243
Kyburz,UKC1,7/19/2019,39.50761202,-120.231427,98.22222222,30.96985692,222167.04456150084,4378096.534212529
Kyburz,UKC2,7/19/2019,39.507552,-120.231496,176.0,,222160.8715099502,4378090.084240876
Kyburz,UKC3,7/19/2019,39.50756902,-120.23164,235.0,64.41762537,222148.55595668807,4378092.418522434
Kyburz,UKC4,7/19/2019,39.507494,-120.231685,,4.211015993,222144.3869743867,4378084.229205658
Kyburz,UKD1,7/19/2019,39.507637,-120.231494,269.6666667,93.70732972,222161.382443416,4378099.514314041
Kyburz,UKD2,7/19/2019,39.50768402,-120.231448,138.5555556,169.4480689,222165.5257466414,4378104.592137815
Kyburz,UKE1,7/19/2019,39.50775401,-120.231589,119.3333333,179.8719266,222153.67943081714,4378112.797595953
Kyburz,UKE2,7/19/2019,39.50781603,-120.231512,113.4444444,99.3448781,222160.54841375182,4378119.4448795095
Kyburz,UKF1,7/19/2019,39.50787404,-120.231677,1.666666667,177.3269965,222146.5904591523,4378126.3945280695
Kyburz,UKF2,7/19/2019,39.50794998,-120.23158,24.88888889,68.01692794,222155.23485723918,4378134.525350207
Dotta,DG1,6/29/2016,39.90285999,-120.36843,1230.72,0.0,212035.13952337205,4422409.189216369
Dotta,DG5,6/29/2016,39.90276796,-120.368202,544.32,0.0,212054.24934735429,4422398.235736296
Dotta,DSG5,6/29/2016,39.90319602,-120.36797,23.2,0.0,212075.88111314067,4422445.011139652
Davies,DVG1,9/22/2016,39.504158,-120.097842,419.2,0.0,233641.4660992872,4377309.026367317
Davies,DVG5,9/22/2016,39.50439798,-120.099116,238.4,40.39112292,233532.82210284832,4377339.439780267
Davies,DVR3,9/22/2016,39.50389196,-120.097341,404.8,0.0,233683.53451753006,4377278.009544998
Davies,DVR5,9/22/2016,39.50397997,-120.098518,670.4,0.0,233582.65083254484,4377291.264592199
Kyburz,KG2,9/16/2016,39.50670501,-120.233205,105.6,10.79033125,222010.5251485355,4378001.336184243
Kyburz,KG4,9/16/2016,39.50689604,-120.233186,128.0,0.0,222012.9212210871,4378022.484610794
Kyburz,KSG2,9/16/2016,39.50656202,-120.233528,91.2,409.8409313,221982.1775643566,4377986.460472475
Kyburz,KSG4,9/16/2016,39.50673896,-120.233491,75.2,308.2073896,221986.06544246362,4378005.989061929
McReynolds,MG1,6/28/2016,39.95630301,-120.496784,597.12,0.0,201292.57504714257,4428765.039870561
McReynolds,MG5,6/28/2016,39.95612204,-120.496686,824.16,0.0,201300.15992139833,4428744.618923323
McReynolds,MSG1,6/28/2016,39.95620804,-120.496047,20.8,64.14143333,201355.13224335358,4428752.024837042
McReynolds,MSG5,6/28/2016,39.956187,-120.495788,49.6,0.0,201377.17015371588,4428748.820640048
Van Norden,NR2,8/14/2017,39.318036,-120.366214,297.6,0.0,209789.80163804733,4357475.527877691
Van Norden,NR4,8/14/2017,39.31784296,-120.366134,214.4,0.0,209795.90154433233,4357453.840396173
Upper Clarks,UCG1,8/19/2016,40.13691097,-120.508828,284.8,0.0,201054.6257337369,4448857.8966041235
Upper Clarks,UCG5,8/19/2016,40.13672196,-120.508761,182.4,0.0,201059.50575599895,4448836.685467024
Upper Clarks,UCSG2,8/19/2016,40.13715598,-120.508647,84.8,153.970375,201071.12505403417,4448884.4900083095
Upper Clarks,UCSG4,8/19/2016,40.13715598,-120.508408,182.4,38.88137083,201091.4916526755,4448883.685053876
Perazzo,ZG1,9/16/2016,39.47856001,-120.384892,472.0,0.0,208848.16169666738,4375356.559396241
Perazzo,ZG3,9/16/2016,39.47876201,-120.384714,366.4,0.0,208864.3190929342,4375378.409087766
Perazzo,ZR1,9/16/2016,39.47834903,-120.383887,332.8,0.0,208933.74574670417,4375329.885888204
Perazzo,ZR5,9/16/2016,39.47819003,-120.383726,449.6,0.0,208946.9337665271,4375311.71336988
Perazzo,ZSG2,9/16/2016,39.47850402,-120.384429,438.4,109.2636792,208887.76191762247,4375348.845669355
Perazzo,ZSG4,9/16/2016,39.47862798,-120.383954,283.2,180.1716563,208929.1456619174,4375361.07095691
Clover Valley,D13,6/28/2019,39.95544474,-120.4263173,186.64,,207309.70106420713,4428435.863638983
Clover Valley,D14,6/28/2019,39.95047473,-120.4264405,176.96,,207277.95874732686,4427884.475939195
Deer,DHA-A,9/7/2019,39.42841024,-120.6513898,131.56,,185693.7704539104,4370685.016053723
Deer,DHA-B,9/7/2019,39.42879998,-120.6513985,137.96,,185694.77513751027,4370728.316585006
Deer,DHA-C,9/7/2019,39.42921025,-120.649655,57.12,,185846.7369925109,4370767.783169338
Deer,DHA-D,9/7/2019,39.42824501,-120.6509018,92.84,,185735.04443737178,4370664.96883489
Clover Valley,R25,6/28/2019,39.94547401,-120.4271855,98.28,,207192.95035015792,4427331.721929434
Clover Valley,R26,6/28/2019,39.941533,-120.4275425,54.68,,207145.6176790687,4426895.34708498
East Creek,C1,7/23/2018,40.24418042,-120.900972,35.04,,168160.51895474514,4462163.721961956
East Creek,C2,7/23/2018,40.24408816,-120.901293,88.16,,168132.75445307244,4462154.680934905
East Creek,C3,7/23/2018,40.24396204,-120.901616,55.84,,168104.6540398805,4462141.887765314
East Creek,C4,7/23/2018,40.24373516,-120.901463,32.16,,168116.5625381298,4462116.121913564
East Creek,C5,7/23/2018,40.24382567,-120.901141,29.92,,168144.40372714965,4462124.964825721
East Creek,C6,7/23/2018,40.24395387,-120.90082,21.44,,168172.34411439748,4462137.996598006
East Creek,C7,7/23/2018,40.24369224,-120.900669,28.64,,168183.91269101697,4462108.379802356
East Creek,C8,7/23/2018,40.2435983,-120.900989,20.64,,168156.22490388248,4462099.148387206
East Creek,C9,7/23/2018,40.24347168,-120.901311,28.96,,168128.20699025108,4462086.2958532255
East Creek,C10,7/23/2018,40.24324658,-120.901159,29.28,,168140.03929915786,4462060.73144665
East Creek,C11,7/23/2018,40.24334065,-120.900839,49.92,,168167.7278815299,4462069.977246695
East Creek,C12,7/23/2018,40.24346585,-120.900515,23.68,,168195.9090006965,4462082.664757052
East Creek,C13,7/17/2018,40.24385201,-120.901936,102.08,,168076.88751512248,4462130.870044328
East Creek,C14,7/17/2018,40.24376207,-120.90226,74.56,,168048.87885433855,4462122.098168696
East Creek,C15,7/17/2018,40.24363387,-120.902581,49.76,,168020.93815194996,4462109.066837184
East Creek,C16,7/17/2018,40.24340594,-120.902429,222.56,,168032.75622096454,4462083.188000306
East Creek,C17,7/17/2018,40.24349963,-120.902108,124.64,,168060.528127069,4462092.387466037
East Creek,C18,7/17/2018,40.24362478,-120.901784,129.28,,168088.70914566,4462105.069030436
East Creek,C19,7/23/2018,40.24336144,-120.901632,40.48,,168100.35420114215,4462075.258467138
East Creek,C20,7/23/2018,40.24327064,-120.901955,55.84,,168072.42626182118,4462066.387252163
East Creek,C21,7/17/2018,40.24314264,-120.902276,97.28,,168044.4863967498,4462053.378031823
East Creek,C22,7/17/2018,40.24291372,-120.902124,39.68,,168056.29981373617,4462027.3893165765
East Creek,C23,7/23/2018,40.24300747,-120.901803,19.68,,168084.07217001432,4462036.595541367
East Creek,C24,7/23/2018,40.24313802,-120.901482,54.08,,168112.02448443405,4462049.888053908
Greenville,V1,7/17/2018,40.23818046,-120.909457,175.04,,167409.13679686736,4461529.339639617
Greenville,V2,7/17/2018,40.23845977,-120.909542,276.48,,167403.27283924026,4461560.672942154
Greenville,V3,7/17/2018,40.23870131,-120.909641,181.44,,167396.03247206006,4461587.86494655
Greenville,V4,7/17/2018,40.23861304,-120.909965,313.44,,167368.02903052076,4461579.280865479
Greenville,V5,7/17/2018,40.2383362,-120.909868,180.32,,167374.92607062624,4461548.176705062
Greenville,V6,7/17/2018,40.23809213,-120.909779,221.12,,167381.30306593445,4461520.741322176
Greenville,V7,7/17/2018,40.23796805,-120.910106,202.08,,167352.86851691687,4461508.1922846595
Greenville,V8,7/23/2018,40.23824721,-120.910194,79.68,,167346.74873637996,4461539.520259475
Greenville,V9,7/23/2018,40.2384894,-120.910288,126.88,,167339.93719665083,4461566.765716429
Greenville,V10,7/23/2018,40.23840114,-120.910612,99.2,,167311.93364421325,4461558.182945389
Greenville,V11,7/23/2018,40.23812292,-120.910521,107.84,,167318.3131524893,4461526.948034691
Greenville,V12,7/17/2018,40.23787941,-120.910426,307.52,,167325.20329780347,4461499.552229535
Greenville,V13,7/23/2018,40.2389621,-120.909732,,,167389.56729397806,4461617.164386884
Greenville,V14,7/23/2018,40.23923895,-120.909829,,,167382.670349747,4461648.269647244
Greenville,V15,7/23/2018,40.23948253,-120.909919,,,167376.20603063155,4461675.65438826
Greenville,V16,7/23/2018,40.23939402,-120.910249,,,167347.69112826558,4461667.0662933085
Greenville,V17,7/23/2018,40.23911207,-120.91016,,,167353.88214553025,4461635.42475496
Greenville,V18,7/23/2018,40.23887339,-120.910059,,,167361.306505082,4461608.542750453
Greenville,V19,7/23/2018,40.23875009,-120.910382,,,167333.2164256795,4461596.065384837
Greenville,V20,7/23/2018,40.23902726,-120.910478,,,167326.40633842006,4461627.202483482
Greenville,V21,7/23/2018,40.23927026,-120.910573,,,167319.51387392817,4461654.541669611
Greenville,V22,7/23/2018,40.23918218,-120.910898,,,167291.42638823792,4461645.982736718
Greenville,V23,7/23/2018,40.23890324,-120.910805,,,167297.9723437241,4461614.660332337
Greenville,V24,7/23/2018,40.23866078,-120.910708,,,167305.03762804985,4461587.37357033
Goodrich,R1,7/24/2018,40.36602127,-120.949557,,,164630.7368119841,4475876.121520473
Goodrich,R2,7/24/2018,40.36584032,-120.949316,,,164650.30770403735,4475855.113526208
Goodrich,R3,7/24/2018,40.36562882,-120.949073,,,164669.89690721687,4475830.705721703
Goodrich,R4,7/24/2018,40.36544955,-120.949316,,,164648.36752153514,4475811.722405197
Goodrich,R5,7/24/2018,40.365631,-120.94956,,,164628.5441797623,4475832.797310804
Goodrich,R6,7/24/2018,40.36584313,-120.949802,,,164609.04316887876,4475857.271388777
Goodrich,R7,7/24/2018,40.36563256,-120.950046,,,164587.27330762456,4475834.81648559
Goodrich,R8,7/24/2018,40.36545082,-120.949804,,,164606.92522819544,4475813.716858473
Goodrich,R9,7/24/2018,40.36523915,-120.94956,,,164626.59852277715,4475789.286265309
Goodrich,R10,7/24/2018,40.36505852,-120.949801,,,164605.23203171103,4475770.14444888
Goodrich,R11,7/24/2018,40.3652384,-120.950044,,,164585.48581083276,4475791.04133648
Goodrich,R12,7/24/2018,40.36545193,-120.950289,,,164565.73694488953,4475815.682379112
Goodrich,R13,7/24/2018,40.36302714,-120.952689,,,164349.8421887615,4475555.55314137
Goodrich,R14,7/24/2018,40.36321983,-120.952956,,,164328.12108415784,4475577.964356774
Goodrich,R15,7/24/2018,40.36300816,-120.953197,,,164306.5989704567,4475555.376625491
Goodrich,R16,7/24/2018,40.3628483,-120.952932,,,164328.31335706817,4475536.618397547
Goodrich,R17,7/23/2018,40.36263427,-120.953173,,,164306.7794167085,4475513.768605006
Goodrich,R18,7/24/2018,40.36282804,-120.953439,,,164285.1485940934,4475536.29606577
Goodrich,R19,7/24/2018,40.36246583,-120.952915,,,164327.85672688537,4475494.084270312
Goodrich,R20,7/24/2018,40.36230941,-120.952644,,,164350.09809042985,4475475.685291793
Goodrich,R21,7/24/2018,40.36249418,-120.952411,,,164370.80708080583,4475495.316578643
Goodrich,R22,7/24/2018,40.36268228,-120.952682,,,164348.72315535153,4475517.233246971
Goodrich,R23,7/24/2018,40.362868,-120.952444,,,164369.86146720947,4475536.951008594
Goodrich,R24,7/24/2018,40.3627108,-120.952175,,,164391.92902402347,4475518.473141604
Bean,BE1,6/1/2016,37.75321,-120.14115,158.08,,223258.77146724315,4183080.9581647613
Bean,BE10,6/1/2016,37.753,-120.14211,125.28,,223173.3888930385,4183060.4933515526
Bean,BE11,6/1/2016,37.7528,-120.14188,372.0,,223192.91148563894,4183037.614240076
Bean,BE12,6/1/2016,37.75259,-120.14163,244.32,,223214.15938977693,4183013.5660579
Bean,BE13,6/1/2016,37.75489,-120.14307,408.64,,223095.842201131,4183273.1074582627
Bean,BE14,6/1/2016,37.75511,-120.14286,187.36,,223115.16878021916,4183296.9029843477
Bean,BE15,6/1/2016,37.75547,-120.14291,487.2,,223112.10603887157,4183337.0073623867
Bean,BE16,6/1/2016,37.75531,-120.14264,297.76,,223135.30184454744,4183318.449134498
Bean,BE17,6/1/2016,37.75494,-120.1426,215.52,,223137.44618325552,4183277.2645012704
Bean,BE18,6/1/2016,37.75472,-120.14281,157.44,,223118.11963408574,4183253.468924644
Bean,BE19,6/1/2016,37.7535,-120.14386,218.4,,223021.0373823772,4183121.1728910105
Bean,BE2,6/1/2016,37.75339,-120.14139,160.0,,223238.29299303464,4183101.646939374
Bean,BE20,6/1/2016,37.75378,-120.14388,116.16,,223020.32002091984,4183152.309242229
Bean,BE21,6/1/2016,37.75405,-120.14391,169.6,,223018.68412123038,4183182.3653355506
Bean,BE22,6/1/2016,37.75405,-120.14358,111.68,,223047.7647774056,4183181.387392203
Bean,BE23,6/1/2016,37.75378,-120.14355,77.12,,223049.4007829635,4183151.3313106224
Bean,BE24,6/1/2016,37.75351,-120.14352,155.52,,223051.0368139536,4183121.2752312887
Bean,BE3,6/1/2016,37.75358,-120.14164,91.04,,223216.97068477026,4183123.475280847
Bean,BE4,6/1/2016,37.75376,-120.14139,171.04,,223239.67293990223,4183142.7130556554
Bean,BE5,6/1/2016,37.75358,-120.14114,413.6,,223261.03253981337,4183121.994667845
Bean,BE6,6/1/2016,37.75339,-120.1409,235.84,,223281.4737192667,4183100.1960546016
Bean,BE7,6/1/2016,37.75243,-120.14191,182.72,,223188.88760024932,4182996.636973818
Bean,BE8,6/1/2016,37.75263,-120.14213,224.0,,223170.24615564581,4183019.4864696767
Bean,BE9,6/1/2016,37.75283,-120.14237,104.0,,223149.84232569148,4183042.395256624
Bonita,BO1,7/13/2016,36.04003875,-118.3321552,299.52,,379993.3817070866,3989210.248509543
Bonita,BO10,7/13/2016,36.04104,-118.33338,426.08,,379884.56093033677,3989322.8222406665
Bonita,BO11,7/13/2016,36.04088827,-118.3331067,572.48,,379908.9516653131,3989305.6544878855
Bonita,BO12,7/13/2016,36.04074,-118.33283,648.0,,379933.6540506537,3989288.8664122387
Bonita,BO13,7/13/2016,36.03774023,-118.3296938,382.4,,380211.6463858067,3988952.2549528675
Bonita,BO14,7/13/2016,36.03749,-118.32981,418.72,,380200.798599045,3988924.641257952
Bonita,BO15,7/13/2016,36.03723108,-118.3299158,243.36,,380190.8745474976,3988896.0508440463
Bonita,BO16,7/13/2016,36.03728,-118.33023,302.4,,380162.6415281716,3988901.8639397677
Bonita,BO17,7/13/2016,36.03738875,-118.3305344,180.64,,380135.3821364229,3988914.301681589
Bonita,BO18,7/13/2016,36.03754,-118.33011,312.16,,380173.8466163286,3988930.556647124
Bonita,BO19,7/13/2016,36.0369756,-118.3300267,109.12,,380180.4961731842,3988867.8482974605
Bonita,BO2,7/13/2016,36.04019,-118.33243,385.12,,379968.85467834387,3989227.3646195
Bonita,BO20,7/13/2016,36.03671,-118.33015,172.16,,380168.9852444586,3988838.5384664196
Bonita,BO21,7/13/2016,36.03646599,-118.3302562,281.28,,380159.04756215855,3988811.602464754
Bonita,BO22,7/13/2016,36.03652,-118.33058,278.08,,380129.95710178366,3988817.992080275
Bonita,BO23,7/13/2016,36.03677725,-118.3304621,94.08,,380140.96902698715,3988846.3822902846
Bonita,BO24,7/13/2016,36.03703,-118.33035,196.48,,380151.45152615616,3988874.2804919477
Bonita,BO3,7/13/2016,36.04034033,-118.3327059,299.52,,379944.2272493084,3989244.380106646
Bonita,BO4,7/13/2016,36.04058,-118.33256,494.56,,379957.7351254859,3989270.7855234346
Bonita,BO5,7/13/2016,36.04043424,-118.3322826,309.76,,379982.5045725595,3989254.27514899
Bonita,BO6,7/13/2016,36.04028,-118.33201,97.44,,380006.8288145437,3989236.8301219232
Bonita,BO7,7/13/2016,36.04049153,-118.3329856,551.2,,379919.2588974308,3989261.4968571104
Bonita,BO8,7/13/2016,36.04064,-118.33326,401.76,,379894.7639665045,3989278.304318917
Bonita,BO9,7/13/2016,36.04082487,-118.3335836,361.92,,379865.89206447673,3989299.210219403
Bonita,C1,7/24/2015,40.24418042,-120.9009721,10.816,,168160.51044597226,4462163.722336805
East Creek,C10,7/24/2015,40.24322889,-120.9011593,57.2,,168139.92723559123,4462058.7683133725
East Creek,C11,7/24/2015,40.24334065,-120.900839,41.792,,168167.7278815299,4462069.977246695
East Creek,C12,7/24/2015,40.24344813,-120.9005159,31.888,,168195.7457512595,4462080.700541491
East Creek,C13,7/24/2015,40.24385201,-120.9019367,11.984,,168076.82795342704,4462130.872668922
East Creek,C14,7/24/2015,40.24374442,-120.9022604,54.592,,168048.75845242088,4462120.139851705
East Creek,C15,7/24/2015,40.24363387,-120.9025817,80.416,,168020.87859005254,4462109.069462212
East Creek,C16,7/24/2015,40.2433883,-120.9024298,34.416,,168032.60182919208,4462081.232293708
East Creek,C17,7/24/2015,40.24349963,-120.9021082,54.768,,168060.51110935234,4462092.388215952
East Creek,C18,7/24/2015,40.24360711,-120.9017846,20.128,,168088.5716389583,4462103.109242567
East Creek,C19,7/24/2015,40.24336144,-120.9016326,8.544,,168100.30314789084,4462075.260716607
East Creek,C2,7/24/2015,40.24407047,-120.9012938,66.528,,168132.59984140296,4462152.71967587
East Creek,C20,7/24/2015,40.24325297,-120.9019553,11.904,,168072.31427834788,4462064.426339559
East Creek,C21,7/24/2015,40.24314264,-120.9022765,31.216,,168044.44385223225,4462053.379906689
East Creek,C22,7/24/2015,40.24289606,-120.9021242,54.72,,168056.19638487214,4462025.429139438
East Creek,C23,7/24/2015,40.24300747,-120.901803,44.544,,168084.07217001432,4462036.595541367
East Creek,C24,7/24/2015,40.24312034,-120.9014827,52.976,,168111.87842712714,4462047.927530581
East Creek,C3,7/24/2015,40.24396204,-120.901616,67.792,,168104.6540398805,4462141.887765314
East Creek,C4,7/24/2015,40.24371748,-120.9014639,15.136,,168116.39946304483,4462114.162139925
East Creek,C5,7/24/2015,40.24382567,-120.9011417,25.12,,168144.34416543815,4462124.967449778
East Creek,C6,7/24/2015,40.24393616,-120.90082,4.656,,168172.25748595444,4462136.030119378
East Creek,C7,7/24/2015,40.24369224,-120.900669,40.432,,168183.91269101697,4462108.379802356
East Creek,C8,7/24/2015,40.2435806,-120.9009896,64.528,,168156.08726814715,4462097.185268055
East Creek,C9,7/24/2015,40.24347168,-120.9013113,23.328,,168128.18146366975,4462086.296977868
Deer,D1,7/1/2016,39.42899305,-120.6516882,860.32,,185670.70061485656,4370750.762844104
Deer,D10,7/1/2016,39.42837,-120.65052,627.0,,185768.4802441834,4370677.513498076
Deer,D11,7/1/2016,39.42819702,-120.6507842,563.68,,185744.9540529679,4370659.230506433
Deer,D12,7/1/2016,39.42802,-120.65105,522.0,,185721.271810267,4370640.504629328
Deer,D13,7/1/2016,39.42915643,-120.6508688,594.72,,185741.9864306014,4370766.042418918
Deer,D14,7/1/2016,39.42933,-120.6506,877.0,,185765.9110573731,4370784.374839683
Deer,D15,7/1/2016,39.42949452,-120.6503227,195.84,,185790.52670665045,4370801.6729142275
Deer,D16,7/1/2016,39.42928,-120.65011,432.0,,185807.87516460347,4370777.114201442
Deer,D17,7/1/2016,39.42911334,-120.650385,504.48,,185783.44789317326,4370759.570456447
Deer,D18,7/1/2016,39.42895,-120.65065,845.0,,185759.89645137184,4370742.360488836
Deer,D19,7/1/2016,39.42873494,-120.6504388,743.04,,185777.11339777714,4370717.7469924055
Deer,D2,7/1/2016,39.42883,-120.65142,250.0,,185693.05905833578,4370731.724529995
Deer,D20,7/1/2016,39.4289,-120.65017,326.0,,185800.99978232064,4370735.134717151
Deer,D21,7/1/2016,39.42906861,-120.6498976,346.08,,185825.21198767802,4370752.904083674
Deer,D22,7/1/2016,39.42886,-120.64969,139.0,,185842.14814601484,4370729.019398949
Deer,D23,7/1/2016,39.42868957,-120.6499524,567.52,,185818.78873992362,4370711.01303256
Deer,D24,7/1/2016,39.42853,-120.65023,390.0,,185794.1693412144,4370694.26546829
Deer,D3,7/1/2016,39.42899305,-120.6511462,716.8,,185717.36707623996,4370748.87140121
Deer,D4,7/1/2016,39.42878,-120.65093,587.0,,185735.02342771122,4370724.463511563
Deer,D5,7/1/2016,39.4286123,-120.6512066,795.04,,185710.4533799403,4370706.810096387
Deer,D6,7/1/2016,39.42845,-120.65147,461.0,,185687.0440535302,4370689.710212574
Deer,D7,7/1/2016,39.42823706,-120.6512606,731.52,,185704.11548263073,4370665.338199923
Deer,D8,7/1/2016,39.4284,-120.651,1138.0,,185727.28662821423,4370682.518961722
Deer,D9,7/1/2016,39.42856751,-120.6507124,707.2,,185752.80295742286,4370700.112957749
Loney,L1,7/5/2016,39.42091571,-120.6545858,522.72,,185384.84009535844,4369864.107330176
Loney,L10,7/9/2016,39.42076,-120.65533,511.0,,185320.055324502,4369849.419363999
Loney,L11,7/5/2016,39.42049541,-120.6554025,475.52,,185312.6205784774,4369820.297008633
Loney,L12,7/10/2016,39.42023,-120.65547,231.0,,185305.6126552776,4369791.066152047
Loney,L13,7/5/2016,39.42107685,-120.6556074,388.96,,185297.59539222688,4369885.566139066
Loney,L14,7/11/2016,39.42081,-120.65567,443.0,,185291.00289126666,4369856.1583014475
Loney,L15,7/5/2016,39.42054608,-120.6557424,322.56,,185283.5796658254,4369827.110003661
Loney,L16,7/12/2016,39.42028,-120.65582,203.0,,185275.69889106043,4369797.840068244
Loney,L17,7/5/2016,39.42060096,-120.6559502,485.44,,185265.93301519222,4369833.928966319
Loney,L18,7/13/2016,39.42086,-120.65602,571.0,,185261.08939190942,4369862.932290221
Loney,L19,7/5/2016,39.42060096,-120.656086,599.2,,185254.23914879246,4369834.403445866
Loney,L2,7/5/2016,39.42065,-120.65465,753.0,,185378.1152804774,4369834.831592649
Loney,L20,7/14/2016,39.42034,-120.65615,458.0,,185247.552442868,4369805.654452947
Loney,L21,7/5/2016,39.42116249,-120.6562988,492.48,,185238.4445150803,4369897.489853852
Loney,L22,7/15/2016,39.42092,-120.65636,527.0,,185232.0820917607,4369870.781686389
Loney,L23,7/5/2016,39.42065748,-120.6564281,412.0,,185225.0352314812,4369841.873838759
Loney,L24,7/16/2016,39.42039,-120.6565,682.0,,185217.63876439247,4369812.428599199
Loney,L3,7/5/2016,39.42038388,-120.6547204,464.96,,185370.85469445505,4369805.531994338
Loney,L4,7/6/2016,39.42013,-120.65479,484.0,,185363.718077322,4369777.588529903
Loney,L5,7/5/2016,39.4209713,-120.6549263,430.24,,185355.76980613696,4369871.468391398
Loney,L6,7/7/2016,39.4207,-120.65499,429.0,,185349.06276273198,4369841.570306587
Loney,L7,7/5/2016,39.42043978,-120.6550602,338.4,,185341.8458607747,4369812.925067067
Loney,L8,7/8/2016,39.42018,-120.65513,408.0,,185334.66534623568,4369784.32728512
Loney,L9,7/5/2016,39.42102357,-120.6552656,445.12,,185326.78794145194,4369878.456775909
Martis Control,MC1,6/20/2016,39.30357608,-120.1085887,663.04,,231949.6396475003,4355074.142517671
Martis Control,MC10,6/21/2016,39.30409152,-120.1069854,622.72,,232089.88489859714,4355126.6055679545
Martis Control,MC11,6/20/2016,39.30419277,-120.1066566,953.28,,232118.628721911,4355136.870298345
Martis Control,MC12,6/21/2016,39.30429442,-120.1063337,516.64,,232146.86514388205,4355147.197026875
Martis Control,MC13,6/20/2016,39.30439386,-120.1060142,576.8,,232174.79981925798,4355157.288602401
Martis Control,MC14,6/21/2016,39.30394096,-120.1065273,380.96,,232128.81921760063,4355108.5336440075
Martis Control,MC15,6/20/2016,39.30384095,-120.10685,371.84,,232100.60614121624,4355098.388435353
Martis Control,MC16,6/21/2016,39.30373903,-120.1071714,398.56,,232072.49781310506,4355088.027441921
Martis Control,MC17,6/20/2016,39.30448804,-120.1075683,234.88,,232041.12635650422,4355172.351718242
Martis Control,MC18,6/21/2016,39.30458978,-120.1072461,219.68,,232069.30275479058,4355182.69023224
Martis Control,MC19,6/20/2016,39.30469082,-120.1069234,135.04,,232097.5195219039,4355192.9496550765
Martis Control,MC2,6/21/2016,39.30367812,-120.1082691,561.6,,231977.5934400368,4355084.521740158
Martis Control,MC20,6/21/2016,39.30464898,-120.1061389,118.4,,232165.01860202762,4355185.978997256
Martis Control,MC21,6/20/2016,39.30454411,-120.1064667,306.88,,232136.34745666408,4355175.309288632
Martis Control,MC22,6/21/2016,39.30444134,-120.1067909,239.2,,232107.99472177099,4355164.862126499
Martis Control,MC23,6/20/2016,39.30434091,-120.1071127,393.28,,232079.8578235139,4355154.667708458
Martis Control,MC24,6/21/2016,39.30423862,-120.1074349,768.16,,232051.67924635904,4355144.268097104
Martis Control,MC3,6/20/2016,39.30377892,-120.1079479,143.04,,232005.68040995265,4355094.7586613735
Martis Control,MC4,6/21/2016,39.30388435,-120.1076253,500.32,,232033.90571857826,4355105.505501292
Martis Control,MC5,6/20/2016,39.30363891,-120.1074924,121.44,,232044.43077320675,4355077.865176695
Martis Control,MC6,6/21/2016,39.30353927,-120.1078139,598.72,,232016.32236294,4355067.757776475
Martis Control,MC7,6/20/2016,39.3034382,-120.1081359,557.12,,231988.1652898279,4355057.493213718
Martis Control,MC8,6/21/2016,39.30333514,-120.108458,385.6,,231959.99191202124,4355047.008136872
Martis Control,MC9,6/20/2016,39.30398804,-120.1073083,880.48,,232061.64132702246,4355116.075891083
Middle Martis,MM1,6/20/2016,39.30424969,-120.1145155,110.88,,231441.0550052938,4355166.520833268
Middle Martis,MM10,6/21/2016,39.30366826,-120.1118065,717.28,,231672.4701715464,4355093.927291409
Middle Martis,MM11,6/20/2016,39.30371327,-120.1121476,,,231643.22382722556,4355099.9369534105
Middle Martis,MM12,6/21/2016,39.30375737,-120.1124899,672.32,,231613.87054471608,4355105.849273544
Middle Martis,MM13,6/20/2016,39.30349056,-120.1104022,609.6,,231792.90606441675,4355070.0310754385
Middle Martis,MM14,6/21/2016,39.30349845,-120.1100566,645.92,,231822.74280745658,4355069.8810296655
Middle Martis,MM15,6/20/2016,39.3035059,-120.1097092,577.28,,231852.7331036129,4355069.676911516
Middle Martis,MM16,6/21/2016,39.30323769,-120.1097225,775.36,,231850.56141970796,4355039.942539791
Middle Martis,MM17,6/20/2016,39.30322924,-120.11007,687.04,,231820.5585635258,4355040.035947809
Middle Martis,MM18,6/21/2016,39.30322014,-120.1104151,525.28,,231790.76020555937,4355040.050190307
Middle Martis,MM19,6/20/2016,39.30221768,-120.1087055,672.32,,231934.37854445755,4354923.69385367
Middle Martis,MM2,6/21/2016,39.30428043,-120.1141678,208.32,,231471.16002152616,4355168.899749185
Middle Martis,MM20,6/21/2016,39.30201298,-120.1084782,660.8,,231953.20093976532,4354900.295851108
Middle Martis,MM21,6/20/2016,39.30180924,-120.1082512,168.0,,231972.00124339515,4354877.005359488
Middle Martis,MM22,6/21/2016,39.30163981,-120.1085143,409.12,,231948.6624186369,4354858.977571255
Middle Martis,MM23,6/20/2016,39.30184307,-120.108744,429.44,,231929.62742734514,4354882.222846343
Middle Martis,MM24,6/21/2016,39.30204346,-120.1089732,480.64,,231910.62471644883,4354905.148093758
Middle Martis,MM3,6/20/2016,39.30428043,-120.1138226,572.8,,231500.93180685613,4355167.873776525
Middle Martis,MM4,6/21/2016,39.30401444,-120.1137891,343.36,,231502.8035338304,4355138.246786351
Middle Martis,MM5,6/20/2016,39.30399766,-120.1141338,311.04,,231473.01056344772,4355137.408519546
Middle Martis,MM6,6/21/2016,39.30397979,-120.1144814,305.44,,231442.9632947693,4355136.457986221
Middle Martis,MM7,6/20/2016,39.30402506,-120.1125168,369.6,,231612.57409602596,4355135.645323351
Middle Martis,MM8,6/21/2016,39.30398376,-120.1121713,507.04,,231642.2139537072,4355130.034313795
Middle Martis,MM9,6/20/2016,39.30394446,-120.1118328,351.84,,231671.257772515,4355124.666228316
Osa,O1,7/13/2016,36.18075613,-118.309748,2.4,,382222.3586526731,4004792.020788238
Osa,O10,7/12/2016,36.18113,-118.30741,139.68,,382433.1706424701,4004830.657722373
Osa,O11,7/13/2016,36.18119436,-118.3077373,28.96,,382403.833343862,4004838.193582074
Osa,O12,7/12/2016,36.18126,-118.30806,59.2,,382374.91167558177,4004845.8659518654
Osa,O13,7/13/2016,36.18142686,-118.3089308,364.32,,382296.85195958766,4004865.4311520504
Osa,O14,7/12/2016,36.18149,-118.30861,7.2,,382325.79528376076,4004872.0459811357
Osa,O15,7/13/2016,36.18121809,-118.3085611,17.12,,382329.78601768374,4004841.824566451
Osa,O16,7/12/2016,36.18095,-118.30852,24.0,,382333.0810566364,4004812.0363546396
Osa,O17,7/13/2016,36.18096965,-118.3081823,51.2,,382363.47927789646,4004813.8066114862
Osa,O18,7/12/2016,36.18116,-118.30889,251.84,,382300.12173541175,4004835.7797276024
Osa,O19,7/13/2016,36.18136106,-118.3105484,92.96,,382151.28598456015,4004860.0955682658
Osa,O2,7/12/2016,36.18089,-118.30946,151.52,,382248.4584979849,4004806.521034341
Osa,O20,7/12/2016,36.18123,-118.31026,18.88,,382177.0249188756,4004845.2072652224
Osa,O21,7/13/2016,36.18109266,-118.3099457,52.64,,382205.083678343,4004829.5909781368
Osa,O22,7/12/2016,36.18087,-118.31015,6.4,,382186.3778581439,4004805.140039457
Osa,O23,7/13/2016,36.18100497,-118.3104432,38.72,,382160.2129880209,4004820.467863837
Osa,O24,7/12/2016,36.18114,-118.31073,147.68,,382134.6238388643,4004835.7946508913
Osa,O3,7/13/2016,36.18101572,-118.3091665,47.2,,382275.04066414887,4004820.1106301444
Osa,O4,7/12/2016,36.18078,-118.309,22.88,,382289.66102275485,4004793.760967771
Osa,O5,7/13/2016,36.1806546,-118.3092859,33.44,,382263.7627407842,4004780.1976016676
Osa,O6,7/12/2016,36.18052,-118.30958,1.92,,382237.11318687035,4004765.6237354795
Osa,O7,7/13/2016,36.1814894,-118.3079751,119.68,,382382.8895651491,4004871.2096503056
Osa,O8,7/12/2016,36.18144,-118.30765,35.04,,382412.0512570062,4004865.3358477945
Osa,O9,7/13/2016,36.18138722,-118.3073222,59.84,,382441.45073874877,4004859.0839399938
Partnership,P1,7/13/2016,36.15727778,-118.2742293,84.0,,385382.3136263033,4002145.130976076
Partnership,P10,7/14/2016,36.15833,-118.27481,100.64,,385331.6091539606,4002262.535181678
Partnership,P11,7/13/2016,36.15833642,-118.2744777,66.24,,385361.5101978057,4002262.8549030884
Partnership,P12,7/14/2016,36.1586,-118.27451,26.72,,385358.98848632426,4002292.130909348
Partnership,P13,7/13/2016,36.15887679,-118.2742128,108.64,,385386.12565055816,4002322.483212437
Partnership,P14,7/14/2016,36.15861,-118.27418,299.2,,385388.68774260173,4002292.8505521007
Partnership,P15,7/13/2016,36.15834295,-118.274147,56.32,,385391.2674694378,4002263.1888174023
Partnership,P16,7/14/2016,36.15807,-118.27445,233.6,,385363.6140065697,4002233.2693009493
Partnership,P17,7/13/2016,36.1563861,-118.2768673,219.36,,385143.71118840185,4002049.337977028
Partnership,P18,7/14/2016,36.15657,-118.27711,180.8,,385122.14713236486,4002070.0243955827
Partnership,P19,7/13/2016,36.156755,-118.2773524,507.68,,385100.6117708663,4002090.8325340585
Partnership,P2,7/14/2016,36.15755,-118.27422,115.52,,385383.54649027064,4002175.316258105
Partnership,P20,7/14/2016,36.15694,-118.2776,114.56,,385078.60874351213,4002111.6468837704
Partnership,P21,7/13/2016,36.15712751,-118.2773687,43.2,,385099.68910337903,4002132.172860365
Partnership,P22,7/14/2016,36.15694,-118.27713,94.72,,385120.88785807375,4002111.090669472
Partnership,P23,7/13/2016,36.15676109,-118.2768804,199.84,,385143.07977892854,4002090.949601963
Partnership,P24,7/14/2016,36.15658,-118.27664,71.84,,385164.4410279745,4002070.5776566803
Partnership,P3,7/13/2016,36.15756664,-118.2745466,257.92,,385354.19147136365,4002177.5476756995
Partnership,P4,7/14/2016,36.15782,-118.27421,147.2,,385384.83908746066,4002205.254459474
Partnership,P5,7/13/2016,36.15807465,-118.2741117,58.72,,385394.0522940855,4002233.385712762
Partnership,P6,7/14/2016,36.1578,-118.27389,30.24,,385413.5954268499,4002202.658220966
Partnership,P7,7/13/2016,36.15752373,-118.273889,264.48,,385413.2833066397,4002172.0115297167
Partnership,P8,7/14/2016,36.15726,-118.2739,121.92,,385411.9099779469,4002142.7700137505
Partnership,P9,7/13/2016,36.15806149,-118.2747739,42.56,,385334.4654337379,4002232.707813771
Goodrich,R1,7/24/2015,40.36602127,-120.9495576,22.592,,164630.6858510251,4475876.123799288
Goodrich,R10,7/24/2015,40.36504242,-120.9498018,44.096,,164605.08413700713,4475768.35974257
Goodrich,R11,7/24/2015,40.3652384,-120.9500444,26.864,,164585.45183646167,4475791.042855872
Goodrich,R12,7/24/2015,40.36543585,-120.9502894,11.44,,164565.62311361101,4475813.898374263
Goodrich,R13,7/24/2015,40.36302714,-120.9526896,5.44,,164349.7912255042,4475555.5554219615
Goodrich,R14,7/24/2015,40.36320383,-120.9529565,67.728,,164327.99910497788,4475576.18961571
Goodrich,R15,7/24/2015,40.36300816,-120.9531978,37.52,,164306.5310194189,4475555.379666673
Goodrich,R16,7/24/2015,40.3628323,-120.9529327,38.96,,164328.17439094523,4475534.844416778
Goodrich,R17,7/24/2015,40.36263427,-120.9531731,36.608,,164306.77092278172,4475513.76898515
Goodrich,R18,7/24/2015,40.36281205,-120.9534393,10.688,,164285.04364305967,4475534.521674892
Goodrich,R19,7/24/2015,40.36246583,-120.952915,19.728,,164327.85672688537,4475494.084270312
Goodrich,R2,7/24/2015,40.36582421,-120.9493161,29.28,,164650.219223671,4475853.325050723
Goodrich,R20,7/24/2015,40.3622934,-120.9526446,29.712,,164349.96757481573,4475473.909820515
Goodrich,R21,7/24/2015,40.36249418,-120.9524113,14.368,,164370.78159897676,4475495.317718856
Goodrich,R22,7/24/2015,40.36266627,-120.952683,28.928,,164348.55866295047,4475515.459296036
Goodrich,R23,7/24/2015,40.362868,-120.9524447,4.576,,164369.80200993596,4475536.953669116
Goodrich,R24,7/24/2015,40.36269477,-120.9521752,9.568,,164391.83239383873,4475516.69392916
Goodrich,R3,7/24/2015,40.36562882,-120.9490733,24.592,,164669.87142659113,4475830.706860968
Goodrich,R4,7/24/2015,40.36543343,-120.9493167,15.696,,164648.22803071007,4475809.935098044
Goodrich,R5,7/24/2015,40.365631,-120.9495608,16.96,,164628.47623142082,4475832.800349222
Goodrich,R6,7/24/2015,40.36582703,-120.9498023,43.056,,164608.9377412455,4475855.48478322
Goodrich,R7,7/24/2015,40.36563256,-120.9500467,31.424,,164587.2138528233,4475834.819144534
Goodrich,R8,7/24/2015,40.36543471,-120.9498047,3.296,,164606.78577709128,4475811.930661881
Goodrich,R9,7/24/2015,40.36523915,-120.9495602,30.032,,164626.58153559332,4475789.2870249115
Smith,S1,6/1/2016,37.761,-120.11996,408.48,,225154.97439620952,4183883.0311677246
Smith,S10,6/1/2016,37.76184,-120.1213,421.6,,225040.01436595165,4183980.204000116
Smith,S11,6/1/2016,37.76198,-120.12159,445.12,,225014.98040429625,4183996.5958240344
Smith,S12,6/1/2016,37.76213,-120.12188,305.12,,224989.9836099723,4184014.0976208365
Smith,S13,6/1/2016,37.76237,-120.1217,355.52,,225006.73362042755,4184040.2052766583
Smith,S14,6/1/2016,37.76222,-120.12142,681.76,,225030.84922989912,4184022.7329533333
Smith,S15,6/1/2016,37.76208,-120.12113,569.76,,225055.88313316082,4184006.341174356
Smith,S16,6/1/2016,37.76194,-120.12084,660.16,,225080.91713298188,4183989.9494772935
Smith,S17,6/1/2016,37.76004,-120.11923,407.36,,225215.74228342914,4183774.3349229037
Smith,S18,6/1/2016,37.76015,-120.11953,353.76,,225189.71506933903,4183787.425891559
Smith,S19,6/1/2016,37.76026,-120.11985,593.76,,225161.92562692857,4183800.5757678673
Smith,S2,6/1/2016,37.76117,-120.12023,280.8,,225131.81335561664,4183902.693453819
Smith,S20,6/1/2016,37.76036,-120.12016,316.64,,225134.98037015356,4183812.586439284
Smith,S21,6/1/2016,37.76061,-120.12007,252.16,,225143.83693318145,4183840.0689794607
Smith,S22,6/1/2016,37.76051,-120.11976,446.88,,225170.7821057107,4183828.0583322677
Smith,S23,6/1/2016,37.76041,-120.11945,251.52,,225197.72735087614,4183816.0477776937
Smith,S24,6/1/2016,37.7603,-120.11914,303.04,,225224.63563205738,4183802.9274257342
Smith,S3,6/1/2016,37.76133,-120.1205,505.76,,225108.61537154054,4183921.2459211433
Smith,S4,6/1/2016,37.7615,-120.12077,575.68,,225085.45454797935,4183940.908350603
Smith,S5,6/1/2016,37.76172,-120.12058,370.08,,225103.0113849782,4183964.766990312
Smith,S6,6/1/2016,37.76156,-120.12032,766.56,,225125.32808601926,4183946.243913775
Smith,S7,6/1/2016,37.76139,-120.12005,706.56,,225148.48897796375,4183926.5816006297
Smith,S8,6/1/2016,37.76123,-120.11978,457.12,,225171.68702511542,4183908.029249509
Smith,S9,6/1/2016,37.7617,-120.12101,484.0,,225065.04842416575,4183963.8122581113
Upper Loney,UL1,7/21/2016,39.42230955,-120.6455902,,,186165.71632157342,4369987.47640224
Upper Loney,UL10,7/25/2016,39.42324,-120.64385,1205.0,,186319.74020908127,4370084.716279836
Upper Loney,UL11,7/21/2016,39.42299807,-120.6437008,1010.4,,186331.50122745504,4370057.33694746
Upper Loney,UL12,7/26/2016,39.42289,-120.64402,1083.0,,186303.53037992225,4370046.450267471
Upper Loney,UL13,7/21/2016,39.42277971,-120.6443356,2447.2,,186275.8594662238,4370035.304674651
Upper Loney,UL14,7/27/2016,39.42267,-120.64465,717.0,,186248.29440030747,4370024.219389404
Upper Loney,UL15,7/21/2016,39.42209174,-120.644844,479.04,,186228.99237380427,4369960.69500262
Upper Loney,UL16,7/28/2016,39.42227,-120.64458,653.0,,186252.52564826736,4369979.566399089
Upper Loney,UL17,7/21/2016,39.42244801,-120.6443196,815.52,,186275.74769507832,4369998.422642791
Upper Loney,UL18,7/29/2016,39.42225,-120.64409,568.0,,186294.62909019226,4369975.639371612
Upper Loney,UL19,7/21/2016,39.42207288,-120.6443435,525.44,,186272.00518265262,4369956.857849802
Upper Loney,UL2,7/21/2016,39.4225,-120.64535,555.0,,186187.25507115776,4370007.783895391
Upper Loney,UL20,7/30/2016,39.42189,-120.6446,,,186249.0969715988,4369937.447344853
Upper Loney,UL21,7/21/2016,39.42187453,-120.6441057,646.56,,186291.5912539988,4369934.008271302
Upper Loney,UL22,7/31/2016,39.42165,-120.64385,665.0,,186312.6012590186,4369908.189836334
Upper Loney,UL23,7/21/2016,39.42150391,-120.6441131,620.16,,186289.2899037035,4369892.886728396
Upper Loney,UL24,7/31/2016,39.4217,-120.64437,,,186268.0488807325,4369915.55191543
Upper Loney,UL3,7/21/2016,39.42269672,-120.6451033,801.76,,186209.38157462009,4370028.7649129825
Upper Loney,UL4,7/22/2016,39.42248,-120.6449,,,186225.9140246485,4370003.995835818
Upper Loney,UL5,7/21/2016,39.42228976,-120.6451393,,,186204.45381847187,4369983.708420594
Upper Loney,UL6,7/23/2016,39.42211,-120.64537,,,186183.78111217776,4369964.554618506
Upper Loney,UL7,7/21/2016,39.42301372,-120.6444828,883.36,,186264.23523944063,4370061.797832539
Upper Loney,UL8,7/24/2016,39.4229,-120.64479,1340.0,,186237.27220865194,4370050.242311346
Upper Loney,UL9,7/21/2016,39.42312887,-120.6441661,1037.28,,186292.0226267489,4370073.479120273
Greenville,V1,7/24/2015,40.23818046,-120.9094571,6.8,,167409.12828732718,4461529.340015273
Greenville,V10,7/24/2015,40.23838376,-120.9106127,9.984,,167311.78885891347,4461556.255736861
Greenville,V11,7/24/2015,40.23812292,-120.9105211,27.872,,167318.30464294,4461526.948410449
Greenville,V12,7/24/2015,40.23786203,-120.9104266,44.848,,167325.06702661817,4461497.624645289
Greenville,V13,7/24/2015,40.2389621,-120.9097328,41.024,,167389.4992184402,4461617.167392353
Greenville,V14,7/24/2015,40.23922155,-120.9098292,46.624,,167382.56802984455,4461646.338339124
Greenville,V15,7/24/2015,40.23948253,-120.9099193,32.48,,167376.18050250033,4461675.655515368
Greenville,V16,7/24/2015,40.23937663,-120.9102493,18.0,,167347.58033856808,4461665.136471194
Greenville,V17,7/24/2015,40.23911207,-120.9101607,29.216,,167353.82257955952,4461635.427385036
Greenville,V18,7/24/2015,40.238856,-120.9100594,30.928,,167361.18721081113,4461606.613304161
Greenville,V19,7/24/2015,40.23875009,-120.9103828,30.768,,167333.14834991726,4461596.068390802
Greenville,V2,7/24/2015,40.23844236,-120.9095425,26.688,,167403.14494926628,4461558.7416508375
Greenville,V20,7/24/2015,40.23900989,-120.9104784,40.288,,167326.2871328413,4461625.2752579255
Greenville,V21,7/24/2015,40.23927026,-120.9105738,25.984,,167319.44579868932,4461654.544675731
Greenville,V22,7/24/2015,40.23916481,-120.9108983,37.904,,167291.31568269886,4461644.055135341
Greenville,V23,7/24/2015,40.23890324,-120.9108055,32.512,,167297.92979646474,4461614.662211271
Greenville,V24,7/24/2015,40.23864341,-120.9107082,24.896,,167304.93543687311,4461585.445593284
Greenville,V3,7/24/2015,40.23870131,-120.9096417,34.624,,167395.97290573362,4461587.867576268
Greenville,V4,7/24/2015,40.23859564,-120.9099653,57.568,,167367.91819910106,4461577.349933146
Greenville,V5,7/24/2015,40.2383362,-120.9098689,39.392,,167374.84948493284,4461548.180086318
Greenville,V6,7/24/2015,40.23807473,-120.90978,38.736,,167381.1326724331,4461518.813019753
Greenville,V7,7/24/2015,40.23796805,-120.910106,34.912,,167352.86851691687,4461508.1922846595
Greenville,V8,7/24/2015,40.23822982,-120.9101946,56.288,,167346.61242087348,4461537.591564746
Greenville,V9,7/24/2015,40.2384894,-120.9102885,39.232,,167339.8946491375,4461566.767595108
Van Norden,NC1,7/7/2021,39.31943518,-120.373859,197.44,,209136.35725302063,4357655.45623145
Van Norden,NC10,7/7/2021,39.31978512,-120.375709,236.8,,208978.28235561255,4357700.265832506
Van Norden,NC2,7/7/2021,39.31957617,-120.373989,70.08,,209125.73197035573,4357671.527058041
Van Norden,NC3,7/7/2021,39.31948816,-120.3741231,144.48,,209113.8034390859,4357662.188579706
Van Norden,NC4,7/7/2021,39.31938212,-120.37401,140.16,,209123.1163578193,4357650.052165495
Van Norden,NC5,7/7/2021,39.31926419,-120.37391,80.32,,209131.25037259376,4357636.637989229
Van Norden,NC6,7/7/2021,39.31971312,-120.375465,146.08,,208999.0238290606,4357691.486342404
Van Norden,NC7,7/7/2021,39.31983818,-120.375549,192.96,,208992.2993658777,4357705.640648246
Van Norden,NC8,7/7/2021,39.31995218,-120.375636,49.76,,208985.27034844458,4357718.576799321
Van Norden,NC9,7/7/2021,39.3198842,-120.375779,240.0,,208972.65735800104,4357711.490854601
Van Norden,NN1,7/7/2021,39.31662787,-120.3623811,199.68,,210114.5020618572,4357306.892841745
Van Norden,NN10,7/7/2021,39.31631346,-120.3651832,82.08,,209871.5652491554,4357280.987461121
Van Norden,NN2,7/7/2021,39.3162669,-120.3626729,117.76,,210087.8470929637,4357267.756475123
Van Norden,NN3,7/7/2021,39.31546959,-120.3632974,162.88,,210030.6978250597,4357181.248096486
Van Norden,NN4,7/7/2021,39.31514604,-120.3635538,151.84,,210007.24950771255,4357146.152483713
Van Norden,NN5,7/7/2021,39.31488082,-120.3636826,118.88,,209995.04588207108,4357117.122667595
Van Norden,NN6,7/7/2021,39.31776718,-120.3643626,246.72,,209948.34053950734,4357439.736307419
Van Norden,NN7,7/7/2021,39.31751453,-120.3645024,163.52,,209935.24042072293,4357412.137379898
Van Norden,NN8,7/7/2021,39.31716238,-120.3647212,137.44,,209914.91630182596,4357373.746236985
Van Norden,NN9,7/7/2021,39.31691695,-120.3648593,121.12,,209901.99243699596,4357346.9434237
Van Norden,NS1,7/7/2021,39.31302811,-120.3646516,188.48,,209903.82167399826,4356914.556071577
Van Norden,NS10,7/7/2021,39.31165102,-120.3681901,46.56,,209592.96631985728,4356773.0506540425
Van Norden,NS2,7/7/2021,39.31268802,-120.3647665,249.6,,209892.5065147521,4356877.170031672
Van Norden,NS3,7/7/2021,39.31210227,-120.3649675,90.88,,209872.75015039422,4356812.788625262
Van Norden,NS4,7/7/2021,39.31179049,-120.3650652,52.96,,209863.03516041336,4356778.490200172
Van Norden,NS5,7/7/2021,39.31142099,-120.3651835,119.52,,209851.30484235997,4356737.850173452
Van Norden,NS6,7/7/2021,39.31312936,-120.3670585,346.72,,209696.67319149588,4356933.530662068
Van Norden,NS7,7/7/2021,39.31297158,-120.3672171,208.8,,209682.34284139978,4356916.5245258985
Van Norden,NS8,7/7/2021,39.31244672,-120.3676056,179.68,,209646.66688645602,4356859.506077231
Van Norden,NS9,7/7/2021,39.31198879,-120.3679579,32.48,,209614.3893654769,4356809.801616107
Van Norden,NC1,7/15/2022,39.31943518,-120.373859,113.12,,209136.35725302063,4357655.45623145
Van Norden,NC2,7/15/2022,39.31957617,-120.373989,86.24,,209125.73197035573,4357671.527058041
Van Norden,NC3,7/15/2022,39.31948816,-120.3741231,178.56,,209113.8034390859,4357662.188579706
Van Norden,NC4,7/15/2022,39.31938212,-120.37401,269.6,,209123.1163578193,4357650.052165495
Van Norden,NC5,7/15/2022,39.31926419,-120.37391,149.12,,209131.25037259376,4357636.637989229
Van Norden,NC6,7/15/2022,39.31971312,-120.375465,138.56,,208999.0238290606,4357691.486342404
Van Norden,NC7,7/15/2022,39.31983818,-120.375549,61.6,,208992.2993658777,4357705.640648246
Van Norden,NC8,7/15/2022,39.31995218,-120.375636,49.44,,208985.27034844458,4357718.576799321
Van Norden,NC9,7/15/2022,39.3198842,-120.375779,227.84,,208972.65735800104,4357711.490854601
Van Norden,NC10,7/15/2022,39.31978512,-120.375709,27.52,,208978.28235561255,4357700.265832506
Van Norden,NS1,7/15/2022,39.31302811,-120.3646516,189.76,,209903.82167399826,4356914.556071577
Van Norden,NS2,7/15/2022,39.31268802,-120.3647665,263.36,,209892.5065147521,4356877.170031672
Van Norden,NS3,7/15/2022,39.31210227,-120.3649675,101.76,,209872.75015039422,4356812.788625262
Van Norden,NS4,7/15/2022,39.31179049,-120.3650652,153.92,,209863.03516041336,4356778.490200172
Van Norden,NS5,7/15/2022,39.31142099,-120.3651835,73.28,,209851.30484235997,4356737.850173452
Van Norden,NS6,7/15/2022,39.31312936,-120.3670585,294.72,,209696.67319149588,4356933.530662068
Van Norden,NS7,7/15/2022,39.31297158,-120.3672171,139.04,,209682.34284139978,4356916.5245258985
Van Norden,NS8,7/15/2022,39.31244672,-120.3676056,175.84,,209646.66688645602,4356859.506077231
Van Norden,NS9,7/15/2022,39.31198879,-120.3679579,65.44,,209614.3893654769,4356809.801616107
Van Norden,NS10,7/15/2022,39.31165102,-120.3681901,41.12,,209592.96631985728,4356773.0506540425
Van Norden,NN1,7/15/2022,39.31662787,-120.3623811,212.16,,210114.5020618572,4357306.892841745
Van Norden,NN2,7/15/2022,39.3162669,-120.3626729,138.88,,210087.8470929637,4357267.756475123
Van Norden,NN3,7/15/2022,39.31546959,-120.3632974,74.88,,210030.6978250597,4357181.248096486
Van Norden,NN4,7/15/2022,39.31514604,-120.3635538,284.16,,210007.24950771255,4357146.152483713
Van Norden,NN5,7/15/2022,39.31488082,-120.3636826,112.64,,209995.04588207108,4357117.122667595
Van Norden,NN6,7/15/2022,39.31776718,-120.3643626,228.8,,209948.34053950734,4357439.736307419
Van Norden,NN7,7/15/2022,39.31751453,-120.3645024,212.96,,209935.24042072293,4357412.137379898
Van Norden,NN8,7/15/2022,39.31716238,-120.3647212,266.56,,209914.91630182596,4357373.746236985
Van Norden,NN9,7/15/2022,39.31691695,-120.3648593,112.8,,209901.99243699596,4357346.9434237
Van Norden,NN10,7/15/2022,39.31631346,-120.3651832,144.48,,209871.5652491554,4357280.987461121
Van Norden,NN2,7/19/2023,39.3162669,-120.3626729,114.24,,210087.8470929637,4357267.756475123
Van Norden,NN5,7/19/2023,39.31488082,-120.3636826,121.92,,209995.04588207108,4357117.122667595
Van Norden,NN6,7/19/2023,39.31776718,-120.3643626,297.12,,209948.34053950734,4357439.736307419
Van Norden,NN9,7/19/2023,39.31691695,-120.3648593,136.8,,209901.99243699596,4357346.9434237
Van Norden,NS1,7/19/2023,39.31302811,-120.3646516,259.04,,209903.82167399826,4356914.556071577
Van Norden,NS3,7/19/2023,39.31210227,-120.3649675,120.48,,209872.75015039422,4356812.788625262
Van Norden,NS8,7/19/2023,39.31244672,-120.3676056,158.08,,209646.66688645602,4356859.506077231
Van Norden,NS10,7/19/2023,39.31165102,-120.3681901,34.4,,209592.96631985728,4356773.0506540425
