Site,ID,SampleDate,Latitude,Longitude,HerbBio.g.m2,ShrubBio.g.m2
East Creek,C25,9/2/2021,40.24583397,-120.894679,0.48,
East Creek,C26,9/2/2021,40.24564496,-120.894703,2.24,
East Creek,C27,9/2/2021,40.24554798,-120.89491,53.6,
East Creek,C28,9/2/2021,40.24548604,-120.895201,50.24,
East Creek,C29,9/2/2021,40.24536802,-120.89554,0.0,
East Creek,C30,9/2/2021,40.24525998,-120.895828,0.0,
East Creek,C31,9/2/2021,40.24506703,-120.896094,4.48,
East Creek,C32,9/2/2021,40.244918,-120.896391,0.0,
East Creek,C33,9/2/2021,40.24479595,-120.896664,52.16,
East Creek,C34,9/2/2021,40.24463997,-120.89697,12.32,
East Creek,C35,9/2/2021,40.24439002,-120.89711,37.6,
Greenville,V25,9/2/2021,40.229545,-120.911065,0.0,
Greenville,V26,9/2/2021,40.22548296,-120.909389,0.32,
Greenville,V27,9/2/2021,40.225763,-120.909474,1.12,
Greenville,V28,9/2/2021,40.22605402,-120.909564,0.0,
Greenville,V29,9/2/2021,40.22630296,-120.909694,0.0,
Greenville,V30,9/2/2021,40.22655903,-120.909877,1.92,
Greenville,V31,9/2/2021,40.226827,-120.909949,21.12,
Greenville,V32,9/2/2021,40.22711098,-120.91005,0.0,
Greenville,V33,9/2/2021,40.22738599,-120.910167,6.56,
Greenville,V34,9/2/2021,40.22765496,-120.910251,0.0,
Greenville,V35,9/2/2021,40.227963,-120.910343,1.28,
Greenville,V37,9/2/2021,40.22849198,-120.910485,0.0,
Greenville,V38,9/2/2021,40.22877696,-120.91058,4.32,
Greenville,V39,9/2/2021,40.22903596,-120.910654,0.0,
Greenville,V40,9/2/2021,40.22902398,-120.910631,13.44,
Greenville,V41,9/2/2021,40.22901099,-120.910651,0.0,
Greenville,V42,9/2/2021,40.22957098,-120.910839,0.0,
Greenville,V43,9/2/2021,40.22984096,-120.910928,10.72,
Calf,CP1,8/3/2022,38.93844801,-120.292258,197.12,
Calf,CP2,8/3/2022,38.93819798,-120.292089,155.2,
Calf,CP3,8/3/2022,38.93796999,-120.291932,140.32,
Calf,CP4,8/3/2022,38.93810402,-120.291633,73.12,
Calf,CP5,8/3/2022,38.93833897,-120.291793,103.68,
Calf,CP6,8/3/2022,38.93859202,-120.29196,327.68,
Calf,CP7,8/3/2022,38.938734,-120.291689,203.84,
Calf,CP8,8/3/2022,38.938503,-120.291504,201.28,
Calf,CP9,8/3/2022,38.93825699,-120.291332,22.56,
Calf,CP10,8/3/2022,38.93842396,-120.291037,51.36,
Calf,CP11,8/3/2022,38.938662,-120.291207,169.12,
Calf,CP12,8/3/2022,38.93889402,-120.291375,328.64,
Calf,CP13,8/3/2022,38.93902796,-120.291088,25.92,
Calf,CP14,8/3/2022,38.93879503,-120.290917,98.88,
Calf,CP15,8/3/2022,38.938547,-120.290754,90.4,
Calf,CP16,8/3/2022,38.93864599,-120.290454,28.48,
Calf,CP17,8/3/2022,38.93888597,-120.290654,125.28,
Calf,CP18,8/3/2022,38.93915603,-120.290767,202.56,
Calf,CP19,8/3/2022,38.938416,-120.292681,198.72,
Calf,CP20,8/3/2022,38.93820301,-120.292458,122.56,
Calf,CP21,8/3/2022,38.93799497,-120.292262,120.48,
Calf,CP22,8/3/2022,38.93781602,-120.292519,98.08,
Calf,CP23,8/3/2022,38.93805499,-120.292723,110.88,
Calf,CP24,8/3/2022,38.93827702,-120.292909,71.52,
Wilson,WRGHG1,8/2/2022,38.82693501,-120.255335,174.08,
Wilson,WRGHG2,8/2/2022,38.826661,-120.255334,116.8,
Wilson,WRGHG3,8/2/2022,38.82637602,-120.255339,81.44,
Wilson,WRGHG4,8/2/2022,38.82640603,-120.254961,184.32,
Wilson,WRGHG5,8/2/2022,38.82665497,-120.254966,132.8,
Wilson,WRGHG6,8/2/2022,38.82695001,-120.254974,126.72,
Wilson,WRGHG7,8/2/2022,38.82638398,-120.25558,179.04,
Wilson,WRGHG8,8/2/2022,38.82612699,-120.255549,129.44,
Wilson,WRGHG9,8/2/2022,38.82584603,-120.255508,150.72,
Wilson,WRGHG10,8/2/2022,38.82580404,-120.255843,97.28,
Wilson,WRGHG11,8/2/2022,38.826086,-120.255882,249.28,
Wilson,WRGHG12,8/2/2022,38.82634702,-120.255935,101.76,
Wilson,WRGHG13,8/2/2022,38.82440702,-120.255203,100.8,
Wilson,WRGHG14,8/2/2022,38.82414199,-120.25528,145.92,
Wilson,WRGHG15,8/2/2022,38.82388098,-120.255338,184.64,
Wilson,WRGHG16,8/2/2022,38.82396102,-120.25567,179.52,
Wilson,WRGHG17,8/2/2022,38.82422002,-120.255608,149.76,
Wilson,WRGHG18,8/2/2022,38.82448296,-120.255551,69.76,
Wilson,WRGHG19,8/2/2022,38.82451096,-120.255984,78.88,
Wilson,WRGHG20,8/2/2022,38.82425699,-120.256066,122.56,
Wilson,WRGHG21,8/2/2022,38.82399598,-120.25615,122.56,
Wilson,WRGHG22,8/2/2022,38.82401098,-120.256517,201.6,
Wilson,WRGHG23,8/2/2022,38.82428599,-120.256415,207.68,
Wilson,WRGHG24,8/2/2022,38.82455103,-120.256332,116.48,
Coyote,Y8,7/8/2016,40.11126839,-120.4192016,1.76,
Clover Valley,CV3,11/5/2016,39.96197512,-120.4131519,14.4,
Clover Valley,CV1,11/5/2016,39.9614702,-120.4134275,24.0,
Lower Clarks,LC8,7/27/2016,40.12324277,-120.5041704,28.16,
Lower Dixie,LX6,7/18/2016,39.93969703,-120.339184,42.72,
Clover Valley,CV5,11/5/2016,39.96180673,-120.4136264,49.6,
Clover Valley,CV12,11/5/2016,39.96250327,-120.4139947,54.4,
Clover Valley,CV8,11/5/2016,39.96253445,-120.4134874,57.6,
Clover Valley,CV10,11/5/2016,39.96291071,-120.4135297,65.6,
Lower Clarks,LC2,7/27/2016,40.12324898,-120.5032104,67.52,
Lower Clarks,LC12,7/27/2016,40.12289886,-120.5043605,71.68,
Coyote,Y6,7/8/2016,40.11030765,-120.4171755,83.52,
Coyote,Y2,7/8/2016,40.11010582,-120.4176001,120.16,
Lower Dixie,LX2,7/18/2016,39.93969301,-120.338712,138.56,
Coyote,Y4,7/8/2016,40.11039759,-120.4178613,149.76,
McReynolds,M5,8/9/2016,39.96023596,-120.488891,150.4,
Lower Dixie,LX4,7/18/2016,39.93929202,-120.338708,151.2,
Lower Dixie,LX11,7/18/2016,39.93820396,-120.338482,195.2,
Alkali Flat,A3,7/8/2016,40.09507086,-120.3448771,216.32,
Poco,P7,7/7/2016,39.97169059,-120.5279623,225.76,
Lower Clarks,LC10,7/27/2016,40.12339767,-120.5046246,242.24,
Coyote,Y12,7/8/2016,40.11144239,-120.41871,248.8,
Lower Clarks,LC4,7/27/2016,40.12336364,-120.5036824,267.2,
Dotta,D1,6/29/2016,39.90285002,-120.369144,275.36,
Coyote,Y10,7/8/2016,40.11158656,-120.4194028,286.88,
Dotta,D5,6/29/2016,39.90274399,-120.368636,292.8,
Dotta,D3,6/29/2016,39.90238499,-120.368752,307.36,
Alkali Flat,A1,7/8/2016,40.09484899,-120.3442265,335.52,
Big Flat,F8,8/2/2017,40.14846073,-120.4615125,347.2,
Dixie,X5,7/18/2016,39.93482203,-120.332041,417.6,
Dotta,D10,7/7/2016,39.90626656,-120.3808085,422.72,
Big Flat,F12,8/2/2017,40.14845227,-120.4610242,433.44,
Dotta,D8,7/7/2016,39.90622348,-120.3813162,443.84,
Lower Dixie,LX9,7/18/2016,39.93814697,-120.338016,451.68,
Lower Clarks,LC6,7/27/2016,40.12288084,-120.5033593,455.36,
Lower Dixie,LX7,7/18/2016,39.93859003,-120.338434,500.16,
Upper Clarks,UC10,8/4/2016,40.13574597,-120.508032,500.8,
McReynolds,M10,8/9/2016,39.95878103,-120.486974,518.4,
Alkali Flat,A5,7/8/2016,40.09518997,-120.3443801,551.36,
McReynolds,M3,8/9/2016,39.95647903,-120.496402,554.4,
Upper Clarks,UC12,8/4/2016,40.13547499,-120.508348,591.84,
Dixie,X10,7/18/2016,39.93350197,-120.332292,602.56,
Alkali Flat,A12,7/8/2016,40.0937404,-120.3429252,607.36,
Upper Clarks,UC4,8/4/2016,40.12885303,-120.503759,623.2,
Alkali Flat,A8,7/8/2016,40.09377879,-120.3434385,649.6,
Poco,P9,7/7/2016,39.97208613,-120.5284366,656.64,
Dixie,X1,7/18/2016,39.93496503,-120.333205,691.36,
Big Flat,F1,8/2/2017,40.1495622,-120.45974,700.96,
Upper Clarks,UC2,8/4/2016,40.12923097,-120.50364,710.4,
McReynolds,M8,8/9/2016,39.96043101,-120.489059,729.6,
Poco,P2,7/7/2016,39.9694351,-120.5234843,731.84,
Dixie,X12,7/18/2016,39.93366198,-120.332703,734.4,
Alkali Flat,A10,7/8/2016,40.09414684,-120.3433888,737.92,
Poco,P6,7/7/2016,39.96957659,-120.5230065,760.96,
Dixie,X3,7/18/2016,39.93454602,-120.333458,787.36,
Big Flat,F3,8/2/2017,40.14907463,-120.4601002,788.8,
Big Flat,F10,8/2/2017,40.14806067,-120.4615,797.92,
Upper Clarks,UC6,8/4/2016,40.13476001,-120.506502,821.6,
Poco,P11,7/7/2016,39.97209133,-120.5279566,824.0,
Dotta,D12,7/7/2016,39.90658399,-120.381405,877.76,
Poco,P4,7/7/2016,39.96977356,-120.5236449,877.76,
Upper Clarks,UC8,8/4/2016,40.134442,-120.506847,888.8,
Big Flat,F5,8/2/2017,40.14916884,-120.4596047,922.24,
McReynolds,M1,8/9/2016,39.95647299,-120.496834,1020.8,
Dixie,X7,7/18/2016,39.93445599,-120.33211,1081.44,
McReynolds,M12,8/9/2016,39.95888002,-120.487443,1147.2,
Clover Valley,1N,6/2/2021,39.94892,-120.4254434,941.12,
Clover Valley,2N,6/2/2021,39.9494351,-120.4255564,1079.52,
Clover Valley,3N,6/2/2021,39.9499838,-120.4257127,124.8,
Clover Valley,4N,6/2/2021,39.9505136,-120.4258111,964.32,
Clover Valley,5N,6/2/2021,39.9510511,-120.4258771,462.4,
Clover Valley,1W,6/2/2021,39.9484738,-120.4261028,486.24,
Clover Valley,2W,6/2/2021,39.948583,-120.4267888,776.16,
Clover Valley,3W,6/2/2021,39.948673,-120.4274898,639.36,
Clover Valley,4W,6/2/2021,39.9487455,-120.4281782,414.56,
Clover Valley,5W,6/2/2021,39.9488458,-120.4288718,202.4,
Clover Valley,1E,6/2/2021,39.9481445,-120.4247053,728.64,
Clover Valley,2E,6/2/2021,39.947927,-120.424065,1423.68,
Clover Valley,3E,6/2/2021,39.9475798,-120.423491,1099.52,
Clover Valley,4E,6/2/2021,39.9472143,-120.4230205,627.84,
Clover Valley,5E,6/2/2021,39.9467815,-120.4226245,463.04,
Clover Valley,1S,6/2/2021,39.947781,-120.4254856,424.0,
Clover Valley,2S,6/2/2021,39.9472725,-120.4255983,1044.48,
Clover Valley,3S,6/2/2021,39.9467325,-120.4257421,682.88,
Clover Valley,4S,6/2/2021,39.9462052,-120.4259182,570.88,
Clover Valley,5S,6/2/2021,39.9456816,-120.426184,380.32,
Clover Valley,1N,6/28/2021,39.94892,-120.4254434,355.68,
Clover Valley,2N,6/28/2021,39.9494351,-120.4255564,533.44,
Clover Valley,3N,6/28/2021,39.9499838,-120.4257127,54.4,
Clover Valley,4N,6/28/2021,39.9505136,-120.4258111,129.6,
Clover Valley,5N,6/28/2021,39.9510511,-120.4258771,34.08,
Clover Valley,1W,6/28/2021,39.9484738,-120.4261028,319.68,
Clover Valley,2W,6/28/2021,39.948583,-120.4267888,390.24,
Clover Valley,3W,6/28/2021,39.948673,-120.4274898,69.92,
Clover Valley,4W,6/28/2021,39.9487455,-120.4281782,32.48,
Clover Valley,5W,6/28/2021,39.9488458,-120.4288718,0.0,
Clover Valley,1E,6/28/2021,39.9481445,-120.4247053,499.52,
Clover Valley,2E,6/28/2021,39.947927,-120.424065,574.24,
Clover Valley,3E,6/28/2021,39.9475798,-120.423491,552.0,
Clover Valley,4E,6/28/2021,39.9472143,-120.4230205,257.76,
Clover Valley,5E,6/28/2021,39.9467815,-120.4226245,315.04,
Clover Valley,1S,6/28/2021,39.947781,-120.4254856,425.92,
Clover Valley,2S,6/28/2021,39.9472725,-120.4255983,609.28,
Clover Valley,3S,6/28/2021,39.9467325,-120.4257421,379.36,
Clover Valley,4S,6/28/2021,39.9462052,-120.4259182,119.04,
Clover Valley,5S,6/28/2021,39.9456816,-120.426184,414.08,
Clover Valley,1N,8/3/2021,39.94892,-120.4254434,91.04,
Clover Valley,2N,8/3/2021,39.9494351,-120.4255564,88.48,
Clover Valley,3N,8/3/2021,39.9499838,-120.4257127,0.0,
Clover Valley,4N,8/3/2021,39.9505136,-120.4258111,0.0,
Clover Valley,5N,8/3/2021,39.9510511,-120.4258771,27.04,
Clover Valley,1W,8/3/2021,39.9484738,-120.4261028,156.96,
Clover Valley,2W,8/3/2021,39.948583,-120.4267888,106.88,
Clover Valley,3W,8/3/2021,39.948673,-120.4274898,46.4,
Clover Valley,4W,8/3/2021,39.9487455,-120.4281782,0.0,
Clover Valley,5W,8/3/2021,39.9488458,-120.4288718,11.2,
Clover Valley,1E,8/3/2021,39.9481445,-120.4247053,383.04,
Clover Valley,2E,8/3/2021,39.947927,-120.424065,491.04,
Clover Valley,3E,8/3/2021,39.9475798,-120.423491,301.28,
Clover Valley,4E,8/3/2021,39.9472143,-120.4230205,98.56,
Clover Valley,5E,8/3/2021,39.9467815,-120.4226245,92.96,
Clover Valley,1S,8/3/2021,39.947781,-120.4254856,162.72,
Clover Valley,2S,8/3/2021,39.9472725,-120.4255983,224.16,
Clover Valley,3S,8/3/2021,39.9467325,-120.4257421,76.64,
Clover Valley,4S,8/3/2021,39.9462052,-120.4259182,409.92,
Clover Valley,5S,8/3/2021,39.9456816,-120.426184,132.16,
Freeman,FM1,8/5/2021,39.67512962,-120.605471,261.12,
Freeman,FM3,8/15/2021,39.67466668,-120.605126,198.56,
Freeman,FM6,8/12/2021,39.67395835,-120.604603,76.8,
Freeman,FM8,8/11/2021,39.67432903,-120.604481,58.4,
Freeman,FM10,8/6/2021,39.67479697,-120.604832,37.28,
Freeman,FM12,8/14/2021,39.675262,-120.60519,225.92,
Freeman,FM14,8/10/2021,39.67518322,-120.604698,118.88,
Freeman,FM16,8/3/2021,,,43.36,
Freeman,FM18,8/9/2021,39.67425002,-120.604,54.72,
Freeman,FM19,8/4/2021,39.6755519,-120.604576,44.0,
Freeman,FM24,8/13/2021,39.67438147,-120.603687,79.36,
Freeman,FM25,8/7/2021,39.67394442,-120.603972,25.44,
Freeman,FM27,8/17/2021,39.67592097,-120.605856,338.08,
Freeman,FM28,8/8/2021,39.67569583,-120.605703,82.56,
Freeman,FM30,8/16/2021,39.67409125,-120.605113,430.88,
Goodrich Home Ranch,GOCR01,7/12/2024,40.32747,-120.932765,193.12,
Goodrich Home Ranch,GOCR02,7/12/2024,40.3253172,-120.933784,149.44,
Goodrich Home Ranch,GOCR04,7/12/2024,40.32122055,-120.935921,719.52,
Goodrich Home Ranch,GOCR06,7/12/2024,40.31916361,-120.936761,523.68,
Goodrich Home Ranch,GOCR07,7/12/2024,40.31697078,-120.937557,433.12,
Goodrich Home Ranch,GOCR08,7/12/2024,40.31543165,-120.939651,87.2,
Goodrich Home Ranch,GOCR09,7/12/2024,40.31346723,-120.941135,627.36,
Goodrich Home Ranch,GOCR21,7/12/2024,40.31931095,-120.941152,150.08,
Goodrich Home Ranch,GOCR22,7/12/2024,40.32112576,-120.939527,350.08,
Goodrich Home Ranch,GOCR23,7/12/2024,40.32275803,-120.937821,299.84,
Goodrich Home Ranch,GOCR24,7/12/2024,40.31820594,-120.939562,632.0,
Goodrich Home Ranch,GOCR25,7/12/2024,40.3200077,-120.937935,440.0,
Coyote,CYA1,10/25/2019,40.110799,-120.418486,,83.57026765
Coyote,CYA2,10/25/2019,40.11077201,-120.418585,,386.3053545
Coyote,CYA3,10/25/2019,40.11077402,-120.418735,0.444444444,141.0653634
Coyote,CYA4,10/25/2019,40.11076103,-120.418849,64.77777778,155.7786741
Coyote,CYB1,10/25/2019,40.11065198,-120.418513,6.333333333,114.0787241
Coyote,CYB2,10/25/2019,40.11064896,-120.418607,48.33333333,148.0021477
Coyote,CYB3,10/25/2019,40.11064502,-120.418742,,104.1338811
Coyote,CYB4,10/25/2019,40.11064804,-120.418839,,459.5987284
Coyote,CYC1,10/25/2019,,,,241.300681
Coyote,CYC2,10/25/2019,,,,166.1638247
Coyote,CYC3,10/25/2019,,,,40.34225557
Coyote,CYC4,10/25/2019,,,,102.8110325
Coyote,CYD1,10/25/2019,40.11113302,-120.419001,,102.9416129
Coyote,CYD2,10/25/2019,40.11115498,-120.418866,,230.7247641
Coyote,CYD3,10/25/2019,40.11116202,-120.418762,23.77777778,172.3972748
Coyote,CYD4,10/25/2019,40.11117401,-120.418647,14.11111111,165.957912
Coyote,CYE1,10/25/2019,40.111259,-120.418994,,301.8506216
Coyote,CYE2,10/25/2019,40.11126998,-120.418896,,234.0433843
Coyote,CYE3,10/25/2019,40.11128004,-120.41876,31.11111111,117.5747257
Coyote,CYE4,10/25/2019,40.11129596,-120.418651,,105.2307473
Coyote,CYF1,10/25/2019,40.11139202,-120.419008,,77.6270657
Coyote,CYF2,10/25/2019,40.11140702,-120.418938,17.55555556,35.74418141
Coyote,CYF3,10/25/2019,40.11142303,-120.418791,25.22222222,0.0
Coyote,CYF4,10/25/2019,40.11142404,-120.418656,66.0,38.63005837
Upper Lacey,LAA1,8/29/2019,39.452212,-120.432503,339.6666667,
Upper Lacey,LAA2,8/29/2019,39.45220797,-120.432367,117.5555556,
Upper Lacey,LAA3,8/29/2019,39.45219599,-120.432232,123.5555556,
Upper Lacey,LAA4,8/29/2019,39.45220001,-120.432096,251.7777778,
Upper Lacey,LAB1,8/29/2019,39.45233102,-120.43256,121.3333333,
Upper Lacey,LAB2,8/29/2019,39.45232096,-120.432439,38.77777778,
Upper Lacey,LAB3,8/29/2019,39.45230101,-120.432307,38.44444444,
Upper Lacey,LAB4,8/29/2019,39.45230696,-120.432202,175.3333333,
Upper Lacey,LAC1,8/29/2019,39.45243403,-120.432659,36.55555556,
Upper Lacey,LAC2,8/29/2019,39.45242397,-120.432522,73.77777778,
Upper Lacey,LAC3,8/29/2019,39.45241299,-120.432406,86.11111111,
Upper Lacey,LAC4,8/29/2019,39.45241702,-120.432298,69.77777778,
Upper Lacey,LAD1,8/29/2019,39.45296603,-120.432667,41.77777778,
Upper Lacey,LAD2,8/29/2019,39.45298104,-120.432554,6.555555556,
Upper Lacey,LAD3,8/29/2019,39.45301096,-120.432444,49.77777778,
Upper Lacey,LAD4,8/29/2019,39.45301197,-120.432326,153.7777778,
Upper Lacey,LAE1,8/29/2019,39.45308799,-120.432742,25.88888889,
Upper Lacey,LAE2,8/29/2019,39.45314197,-120.432625,60.55555556,
Upper Lacey,LAE3,8/29/2019,39.45317198,-120.432535,6.666666667,
Upper Lacey,LAE4,8/29/2019,39.453161,-120.43237,25.11111111,
Upper Lacey,LAF1,8/29/2019,39.453191,-120.432805,20.44444444,
Upper Lacey,LAF2,8/29/2019,39.45322403,-120.432721,85.77777778,
Upper Lacey,LAF3,8/29/2019,39.45324096,-120.432619,51.77777778,
Upper Lacey,LAF4,8/29/2019,39.45327197,-120.432453,42.33333333,
Lower Bear Creek,LBA1,7/19/2019,39.18422403,-120.210431,6.122222222,
Lower Bear Creek,LBA2,7/19/2019,39.18428396,-120.210351,3.422222222,
Lower Bear Creek,LBA2,7/19/2019,39.18414197,-120.210351,3.422222222,
Lower Bear Creek,LBA3,7/19/2019,39.18432897,-120.21026,3.255555556,
Lower Bear Creek,LBA4,7/19/2019,39.18440902,-120.210187,1.133333333,
Lower Bear Creek,LBB1,7/19/2019,,,8.211111111,
Lower Bear Creek,LBB2,7/19/2019,39.18422403,-120.210225,13.22222222,
Lower Bear Creek,LBB3,7/19/2019,39.18421498,-120.210095,13.16666667,
Lower Bear Creek,LBB4,7/19/2019,39.18426703,-120.210038,,
Lower Bear Creek,LBC1,7/19/2019,39.18403996,-120.210235,7.122222222,
Lower Bear Creek,LBC2,7/19/2019,39.18411498,-120.210116,7.444444444,
Lower Bear Creek,LBC3,7/19/2019,39.18418103,-120.210014,0.0,
Lower Bear Creek,LBC4,7/19/2019,39.18415203,-120.20997,11.42222222,
Lower Clarks,LCA1,7/24/2019,40.12455404,-120.504239,2.333333333,244.735973
Lower Clarks,LCA2,7/24/2019,40.12462,-120.504252,5.666666667,253.2153285
Lower Clarks,LCA3,7/24/2019,40.12475202,-120.504234,57.11111111,284.7704788
Lower Clarks,LCA4,7/24/2019,40.12481899,-120.504222,46.44444444,461.6109821
Lower Clarks,LCB1,7/24/2019,40.12454499,-120.504076,16.55555556,152.0389844
Lower Clarks,LCB2,7/24/2019,40.12462604,-120.504067,0.333333333,139.1799898
Lower Clarks,LCB3,7/24/2019,40.124734,-120.504062,23.22222222,134.509442
Lower Clarks,LCB4,7/24/2019,40.12482603,-120.504026,1.333333333,341.7634602
Lower Clarks,LCC1,7/24/2019,40.12452403,-120.50386,232.8888889,102.1810854
Lower Clarks,LCC2,7/24/2019,40.12461699,-120.503868,30.22222222,0.0
Lower Clarks,LCC3,7/24/2019,40.12471396,-120.503866,171.4444444,9.792714187
Lower Clarks,LCC4,7/24/2019,40.12480097,-120.503828,149.2222222,0.0
Upper Lacey,LLA1,8/29/2019,39.47478899,-120.419263,119.7777778,
Upper Lacey,LLA2,8/29/2019,39.47491304,-120.419141,145.6666667,
Upper Lacey,LLA3,8/29/2019,39.47499401,-120.419129,155.8888889,
Upper Lacey,LLA4,8/29/2019,39.47508696,-120.419038,146.2222222,
Lower Bear Creek,LLB1,7/19/2019,39.47466603,-120.419164,120.2222222,
Lower Bear Creek,LLB2,7/19/2019,39.474763,-120.419082,171.8888889,
Lower Bear Creek,LLB3,7/19/2019,39.47486199,-120.419077,132.8888889,
Lower Bear Creek,LLB4,7/19/2019,39.47494598,-120.418995,244.1111111,
Lower Clarks,LLC1,7/24/2019,39.47455597,-120.419067,176.6666667,
Lower Clarks,LLC2,7/24/2019,39.47462697,-120.419029,193.8888889,
Lower Clarks,LLC3,7/24/2019,39.474733,-120.419014,139.3333333,
Lower Clarks,LLC4,7/24/2019,39.47481397,-120.418959,126.7777778,
Lower Lacey,LLD1,7/20/2019,39.47449302,-120.418875,189.2222222,
Lower Lacey,LLD2,7/20/2019,39.47459402,-120.418896,161.4444444,
Lower Lacey,LLD3,7/20/2019,,,113.6666667,
Lower Lacey,LLD4,7/20/2019,39.47476401,-120.418779,39.55555556,
Lower Lacey,LLE1,7/20/2019,39.47438498,-120.418783,203.7777778,
Lower Lacey,LLE2,7/20/2019,39.47449001,-120.418797,107.6666667,
Lower Lacey,LLE3,7/20/2019,39.474604,-120.418731,130.5555556,
Lower Lacey,LLE4,7/20/2019,39.474648,-120.418619,75.33333333,
Lower Lacey,LLF1,7/20/2019,39.47427199,-120.418685,148.4444444,
Lower Lacey,LLF2,7/20/2019,39.474388,-120.418691,94.33333333,
Lower Lacey,LLF3,7/20/2019,39.47447601,-120.418617,110.0,
Lower Lacey,LLF4,7/20/2019,39.47452001,-120.418563,214.1111111,
Lower Perazzo,LPA1,8/13/2019,39.49416602,-120.323638,,718.3937681
Lower Perazzo,LPA2,8/13/2019,39.49424104,-120.323753,160.2222222,95.69948948
Lower Perazzo,LPA3,8/13/2019,39.49427398,-120.323815,186.5555556,1387.667749
Lower Perazzo,LPA4,8/13/2019,39.49432896,-120.323987,7.111111111,
Lower Perazzo,LPB1,8/13/2019,39.49427197,-120.323516,3.888888889,64.32396784
Lower Perazzo,LPB2,8/13/2019,39.49433198,-120.323617,8.777777778,70.1439793
Lower Perazzo,LPB3,8/13/2019,39.49438697,-120.32371,113.6666667,161.1401782
Lower Perazzo,LPB4,8/13/2019,39.49444497,-120.323855,147.5555556,
Lower Perazzo,LPC1,8/13/2019,39.49437699,-120.323397,37.66666667,
Lower Perazzo,LPC2,8/13/2019,39.49442997,-120.323506,50.55555556,1.820651924
Lower Perazzo,LPC3,8/13/2019,39.49450599,-120.323598,71.22222222,
Lower Perazzo,LPC4,8/13/2019,39.49452301,-120.323705,101.1111111,
Lower Perazzo,LPD1,8/13/2019,39.494479,-120.323261,79.0,16.30412393
Lower Perazzo,LPD2,8/13/2019,39.49455,-120.323339,179.0,483.4004646
Lower Perazzo,LPD3,8/13/2019,39.49459802,-120.323432,109.1111111,134.9447083
Lower Perazzo,LPD4,8/13/2019,39.494651,-120.323524,181.6666667,
Lower Perazzo,LPE1,8/13/2019,39.49458897,-120.323159,147.4444444,
Lower Perazzo,LPE2,8/13/2019,39.49466801,-120.323262,120.1111111,181.7208243
Lower Perazzo,LPE3,8/13/2019,39.49471302,-120.323329,107.2222222,207.2673512
Lower Perazzo,LPE4,8/13/2019,39.49477203,-120.323467,52.77777778,338.9195976
Lower Perazzo,LPF1,8/13/2019,39.49471503,-120.323077,118.2222222,241.5450713
Lower Perazzo,LPF2,8/13/2019,39.49477698,-120.32317,134.7777778,48.54368476
Lower Perazzo,LPF3,8/13/2019,39.49483297,-120.323265,62.77777778,805.7660851
Lower Perazzo,LPF4,8/13/2019,39.494896,-120.323404,236.7777778,9.653225672
Middle Clarks,MCA1,8/2/2019,40.12536398,-120.504147,3.333333333,157.8918512
Middle Clarks,MCA2,8/2/2019,40.12535099,-120.504277,1.888888889,229.0929759
Middle Clarks,MCA3,8/2/2019,40.125367,-120.504421,11.77777778,154.4822104
Middle Clarks,MCA4,8/2/2019,40.12542701,-120.504486,23.11111111,168.5704651
Middle Clarks,MCB1,8/2/2019,40.12550999,-120.504082,0.666666667,249.8543158
Middle Clarks,MCB2,8/2/2019,40.12547404,-120.504223,3.444444444,177.3859224
Middle Clarks,MCB3,8/2/2019,40.12550103,-120.504355,19.77777778,239.1632023
Middle Clarks,MCB4,8/2/2019,40.12557202,-120.504458,,341.2740711
Middle Clarks,MCC1,8/2/2019,40.12563304,-120.504065,24.77777778,232.0985463
Middle Clarks,MCC2,8/2/2019,40.12563899,-120.504199,6.333333333,376.020839
Middle Clarks,MCC3,8/2/2019,40.12563103,-120.504311,,315.2379036
Middle Clarks,MCC4,8/2/2019,40.12570404,-120.504398,,209.5261253
Martis Wildlife,MWA1,7/13/2019,39.29926297,-120.133226,171.1111111,
Martis Wildlife,MWA2,7/13/2019,39.29936397,-120.133219,85.11111111,
Martis Wildlife,MWA3,7/13/2019,39.29946003,-120.13321,124.3333333,
Martis Wildlife,MWA4,7/13/2019,39.29953697,-120.133195,118.5555556,
Martis Wildlife,MWB1,7/13/2019,39.299283,-120.133405,216.4444444,
Martis Wildlife,MWB2,7/13/2019,39.29937403,-120.133396,147.2222222,
Martis Wildlife,MWB3,7/13/2019,39.29947,-120.133385,106.6666667,
Martis Wildlife,MWB4,7/13/2019,39.29956304,-120.133374,92.44444444,
Martis Wildlife,MWC1,7/13/2019,39.29929901,-120.133557,112.6666667,
Martis Wildlife,MWC2,7/13/2019,39.29938802,-120.133553,116.0,
Martis Wildlife,MWC3,7/13/2019,39.29951199,-120.133566,182.6666667,
Martis Wildlife,MWC4,7/13/2019,39.29956798,-120.133551,76.55555556,
Martis Wildlife,MWD1,7/13/2019,39.29931602,-120.13368,111.2222222,
Martis Wildlife,MWD2,7/13/2019,39.29940001,-120.1337,208.5555556,
Martis Wildlife,MWD3,7/13/2019,39.29948601,-120.133728,58.77777778,
Martis Wildlife,MWD4,7/13/2019,39.29956103,-120.133763,74.22222222,
Martis Wildlife,MWE1,7/13/2019,39.29943999,-120.133927,83.44444444,
Martis Wildlife,MWE2,7/13/2019,39.29953203,-120.133939,125.0,
Martis Wildlife,MWE3,7/13/2019,39.29963697,-120.133955,69.88888889,
Martis Wildlife,MWE4,7/13/2019,39.299715,-120.133978,86.11111111,
Martis Wildlife,MWF1,7/13/2019,,,117.0,
Martis Wildlife,MWF2,7/13/2019,39.299599,-120.134128,167.0,
Martis Wildlife,MWF3,7/13/2019,39.29969204,-120.134134,71.33333333,
Martis Wildlife,MWF4,7/13/2019,39.29978197,-120.134144,121.4444444,
Kyburz,UKA1,7/19/2019,39.50736903,-120.23128,109.3333333,147.8427878
Kyburz,UKA2,7/19/2019,39.507292,-120.231368,91.88888889,145.325597
Kyburz,UKA3,7/19/2019,39.50730901,-120.231441,69.0,72.92129089
Kyburz,UKA4,7/19/2019,39.50725403,-120.231536,134.5555556,109.7782928
Kyburz,UKB1,7/19/2019,39.50751001,-120.231351,168.8888889,
Kyburz,UKB2,7/19/2019,39.50741697,-120.23142,48.88888889,7.146323123
Kyburz,UKB3,7/19/2019,39.50747497,-120.231519,141.6666667,11.56452761
Kyburz,UKB4,7/19/2019,39.507364,-120.231651,157.4444444,30.91383934
Kyburz,UKC1,7/19/2019,39.50761202,-120.231427,98.22222222,30.96985692
Kyburz,UKC2,7/19/2019,39.507552,-120.231496,176.0,
Kyburz,UKC3,7/19/2019,39.50756902,-120.23164,235.0,64.41762537
Kyburz,UKC4,7/19/2019,39.507494,-120.231685,,4.211015993
Kyburz,UKD1,7/19/2019,39.507637,-120.231494,269.6666667,93.70732972
Kyburz,UKD2,7/19/2019,39.50768402,-120.231448,138.5555556,169.4480689
Kyburz,UKD3,7/19/2019,,,43.0,53.36537698
Kyburz,UKD4,7/19/2019,,,158.5555556,17.59027258
Kyburz,UKE1,7/19/2019,39.50775401,-120.231589,119.3333333,179.8719266
Kyburz,UKE2,7/19/2019,39.50781603,-120.231512,113.4444444,99.3448781
Kyburz,UKE3,7/19/2019,,,59.0,152.3945228
Kyburz,UKE4,7/19/2019,,,256.6666667,182.0608095
Kyburz,UKF1,7/19/2019,39.50787404,-120.231677,1.666666667,177.3269965
Kyburz,UKF2,7/19/2019,39.50794998,-120.23158,24.88888889,68.01692794
Kyburz,UKF3,7/19/2019,,,124.1111111,75.1805191
Kyburz,UKF4,7/19/2019,,,69.0,41.16567449
Dotta,DG1,6/29/2016,39.90285999,-120.36843,1230.72,0.0
Dotta,DG5,6/29/2016,39.90276796,-120.368202,544.32,0.0
Dotta,DSG5,6/29/2016,39.90319602,-120.36797,23.2,0.0
Davies,DVG1,9/22/2016,39.504158,-120.097842,419.2,0.0
Davies,DVG5,9/22/2016,39.50439798,-120.099116,238.4,40.39112292
Davies,DVR3,9/22/2016,39.50389196,-120.097341,404.8,0.0
Davies,DVR5,9/22/2016,39.50397997,-120.098518,670.4,0.0
Kyburz,KG2,9/16/2016,39.50670501,-120.233205,105.6,10.79033125
Kyburz,KG4,9/16/2016,39.50689604,-120.233186,128.0,0.0
Kyburz,KSG2,9/16/2016,39.50656202,-120.233528,91.2,409.8409313
Kyburz,KSG4,9/16/2016,39.50673896,-120.233491,75.2,308.2073896
McReynolds,MG1,6/28/2016,39.95630301,-120.496784,597.12,0.0
McReynolds,MG5,6/28/2016,39.95612204,-120.496686,824.16,0.0
McReynolds,MSG1,6/28/2016,39.95620804,-120.496047,20.8,64.14143333
McReynolds,MSG5,6/28/2016,39.956187,-120.495788,49.6,0.0
Van Norden,NR2,8/14/2017,39.318036,-120.366214,297.6,0.0
Van Norden,NR4,8/14/2017,39.31784296,-120.366134,214.4,0.0
Upper Clarks,UCG1,8/19/2016,40.13691097,-120.508828,284.8,0.0
Upper Clarks,UCG5,8/19/2016,40.13672196,-120.508761,182.4,0.0
Upper Clarks,UCSG2,8/19/2016,40.13715598,-120.508647,84.8,153.970375
Upper Clarks,UCSG4,8/19/2016,40.13715598,-120.508408,182.4,38.88137083
Perazzo,ZG1,9/16/2016,39.47856001,-120.384892,472.0,0.0
Perazzo,ZG3,9/16/2016,39.47876201,-120.384714,366.4,0.0
Perazzo,ZR1,9/16/2016,39.47834903,-120.383887,332.8,0.0
Perazzo,ZR5,9/16/2016,39.47819003,-120.383726,449.6,0.0
Perazzo,ZSG2,9/16/2016,39.47850402,-120.384429,438.4,109.2636792
Perazzo,ZSG4,9/16/2016,39.47862798,-120.383954,283.2,180.1716563
Clover Valley,D13,6/28/2019,39.95544474,-120.4263173,186.64,
Clover Valley,D14,6/28/2019,39.95047473,-120.4264405,176.96,
Deer,DHA-A,9/7/2019,39.42841024,-120.6513898,131.56,
Deer,DHA-B,9/7/2019,39.42879998,-120.6513985,137.96,
Deer,DHA-C,9/7/2019,39.42921025,-120.649655,57.12,
Deer,DHA-D,9/7/2019,39.42824501,-120.6509018,92.84,
Clover Valley,R25,6/28/2019,39.94547401,-120.4271855,98.28,
Clover Valley,R26,6/28/2019,39.941533,-120.4275425,54.68,
Round Valley,RV_F01,7/18/2024,39.36812983,-120.3661284,426.4,
Round Valley,RV_E03,7/18/2024,39.36881925,-120.3656209,134.88,
Round Valley,RV_F04,7/18/2024,39.36855226,-120.3663464,627.52,
Round Valley,RV_F02,7/18/2024,39.36832418,-120.3662284,158.24,
Meserve,ME1,5/18/2021,37.36695424,-119.579893,300.25,
Meserve,ME2,5/18/2021,37.36685902,-119.579889,414.58,
Meserve,ME3,5/18/2021,37.36725364,-119.579816,53.58,
Meserve,ME4,5/18/2021,37.36692943,-119.579797,375.25,
Meserve,ME5,5/18/2021,37.36676045,-119.579718,203.92,
Meserve,ME6,5/18/2021,37.36702943,-119.579418,19.25,
Meserve,ME7,5/18/2021,37.3667374,-119.579305,14.92,
Meserve,ME8,5/18/2021,37.36652316,-119.579366,48.58,
Meserve,ME9,5/18/2021,37.36627958,-119.57949,28.58,
Meserve,ME10,5/18/2021,37.36699707,-119.579229,60.58,
Meserve,ME11,5/18/2021,37.36672994,-119.579225,2.25,
Meserve,ME12,5/18/2021,37.36649726,-119.579188,12.25,
Texas Flat,TF13,5/19/2021,37.42081191,-119.545396,36.92,
Texas Flat,TF10,5/19/2021,37.42018788,-119.546128,80.58,
Texas Flat,TF9,5/19/2021,37.42040715,-119.546127,85.58,
Texas Flat,TF7,5/19/2021,37.42104166,-119.546142,97.92,
Texas Flat,TF15,5/19/2021,37.4211844,-119.544665,233.58,
Texas Flat,TF16,5/19/2021,37.42124358,-119.544569,152.58,
Texas Flat,TF2,5/19/2021,37.42082239,-119.547448,159.58,
Texas Flat,TF11,5/19/2021,37.41989401,-119.546141,42.25,
Texas Flat,TF3,5/19/2021,37.42074276,-119.54721,139.25,
Texas Flat,TF1,5/19/2021,37.42087896,-119.54783,80.25,
Texas Flat,TF4,5/19/2021,37.4207752,-119.546812,108.92,
Texas Flat,TF5,5/19/2021,37.42110871,-119.546404,163.92,
Beehive,BH20,5/24/2021,37.32779826,-119.449422,11.92,
Beehive,BH4,5/24/2021,37.32864165,-119.447164,19.25,
Beehive,BH16,5/24/2021,37.32791502,-119.448702,37.58,
Beehive,BH7,5/24/2021,37.32848298,-119.447496,79.25,
Beehive,BH3,5/24/2021,37.32901305,-119.447199,48.58,
Beehive,BH2,5/24/2021,37.32891096,-119.44714,21.58,
Beehive,BH8,5/24/2021,37.32873452,-119.447757,120.58,
Beehive,BH6,5/24/2021,37.32833823,-119.447412,34.58,
Beehive,BH12,5/24/2021,37.3282928,-119.44822,46.92,
Beehive,BH14,5/24/2021,37.32814955,-119.448435,104.92,
Beehive,BH10,5/24/2021,37.32847494,-119.447947,64.58,
Beehive,BH18,5/24/2021,37.32777689,-119.449087,66.92,
Poison,PO6,5/19/2021,37.39810114,-119.521054,79.25,
Poison,PO12,5/19/2021,37.39749161,-119.520877,18.92,
Poison,PO14,5/19/2021,37.39712096,-119.520571,44.58,
Poison,PO24,5/19/2021,37.39619183,-119.521413,19.58,
Poison,PO18,5/19/2021,37.39692424,-119.520871,32.58,
Poison,PO2,5/19/2021,37.39849685,-119.520795,59.58,
Poison,PO20,5/19/2021,37.39662014,-119.520872,41.58,
Poison,PO16,5/19/2021,37.39675342,-119.520182,27.92,
Poison,PO8,5/19/2021,37.39769177,-119.520753,165.58,
Poison,PO20,5/19/2021,37.39662014,-119.520872,44.58,
Poison,PO10,5/19/2021,37.39735566,-119.520154,55.92,
Poison,PO4,5/19/2021,37.3983697,-119.520994,45.25,
Peckinpah,PE9,5/23/2021,37.26515075,-119.462298,233.25,
Peckinpah,PE5,5/23/2021,37.26451423,-119.46179,359.92,
Peckinpah,PE7,5/23/2021,37.26487473,-119.46208,176.25,
Peckinpah,PE23,5/23/2021,37.26580445,-119.461345,216.25,
Peckinpah,PE17,5/23/2021,37.26571627,-119.462132,129.92,
Peckinpah,PE1,5/23/2021,37.26440258,-119.462579,26.25,
Peckinpah,PE15,5/23/2021,37.26530279,-119.461557,132.25,
Peckinpah,PE11,5/23/2021,37.26510029,-119.461633,171.58,
Peckinpah,PE19,5/23/2021,37.26560538,-119.461448,453.58,
Peckinpah,PE21,5/23/2021,37.26603085,-119.46204,149.58,
Peckinpah,PE13,5/23/2021,37.26546817,-119.462239,253.58,
Peckinpah,PE3,5/23/2021,37.26464532,-119.462466,42.25,
Benedict,BT5,5/21/2021,37.24714013,-119.432702,105.25,
Benedict,BT3,5/21/2021,37.24729721,-119.432996,242.58,
Benedict,BT9,5/21/2021,37.24666337,-119.432305,228.92,
Benedict,BT17,5/21/2021,37.24652465,-119.431551,112.25,
Benedict,BT23,5/21/2021,37.24626364,-119.430948,171.92,
Benedict,BT11,5/21/2021,37.24686588,-119.431976,80.25,
Benedict,BT7,5/21/2021,37.24691994,-119.432401,94.25,
Benedict,BT19,5/21/2021,37.24620773,-119.431375,104.58,
Benedict,BT21,5/21/2021,37.24584077,-119.431407,183.58,
Benedict,BT1,5/21/2021,37.24748756,-119.433195,13.25,
Benedict,BT15,5/21/2021,37.24629624,-119.431794,129.58,
Benedict,BT13,5/21/2021,37.24658609,-119.431917,271.92,
Chipmunk,CHP1,5/20/2021,37.39817968,-119.513901,70.25,
Chipmunk,CHP6,5/20/2021,37.39731777,-119.513248,20.58,
Chipmunk,CHP12,5/20/2021,37.39656072,-119.513667,142.58,
Chipmunk,CHP8,5/20/2021,37.39711266,-119.513295,14.92,
Chipmunk,CHP10,5/20/2021,37.39677043,-119.513312,73.25,
Chipmunk,CHP11,5/20/2021,37.39674311,-119.513109,65.25,
Chipmunk,CHP9,5/20/2021,37.39687914,-119.51354,129.25,
Chipmunk,CHP3,5/20/2021,37.39793577,-119.513605,79.25,
Chipmunk,CHP13,5/20/2021,37.39659542,-119.513467,98.92,
Chipmunk,CHP7,5/20/2021,37.39709121,-119.513457,8.58,
Chipmunk,CHP4,5/20/2021,37.39782747,-119.513743,91.25,
Chipmunk,CHP14,5/20/2021,37.39654311,-119.513239,53.58,
China,CN12,5/22/2021,37.27209993,-119.422156,316.25,
China,CN22,5/22/2021,37.27278155,-119.421442,234.58,
China,CN2,5/22/2021,37.27145092,-119.422929,128.92,
China,CN8,5/22/2021,37.27195719,-119.422615,109.25,
China,CN24,5/22/2021,37.27273176,-119.421046,284.92,
China,CN18,5/22/2021,37.2721897,-119.421212,284.92,
China,CN14,5/22/2021,37.27193389,-119.421465,191.92,
China,CN6,5/22/2021,37.27158101,-119.422323,110.25,
China,CN4,5/22/2021,37.27174127,-119.422895,134.25,
China,CN16,5/22/2021,37.27231107,-119.421757,181.92,
China,CN20,5/22/2021,37.27247376,-119.42131,201.25,
China,CN10,5/22/2021,37.27177346,-119.421968,97.92,
East Creek,C1,7/23/2018,40.24418042,-120.900972,35.04,
East Creek,C2,7/23/2018,40.24408816,-120.901293,88.16,
East Creek,C3,7/23/2018,40.24396204,-120.901616,55.84,
East Creek,C4,7/23/2018,40.24373516,-120.901463,32.16,
East Creek,C5,7/23/2018,40.24382567,-120.901141,29.92,
East Creek,C6,7/23/2018,40.24395387,-120.90082,21.44,
East Creek,C7,7/23/2018,40.24369224,-120.900669,28.64,
East Creek,C8,7/23/2018,40.2435983,-120.900989,20.64,
East Creek,C9,7/23/2018,40.24347168,-120.901311,28.96,
East Creek,C10,7/23/2018,40.24324658,-120.901159,29.28,
East Creek,C11,7/23/2018,40.24334065,-120.900839,49.92,
East Creek,C12,7/23/2018,40.24346585,-120.900515,23.68,
East Creek,C13,7/17/2018,40.24385201,-120.901936,102.08,
East Creek,C14,7/17/2018,40.24376207,-120.90226,74.56,
East Creek,C15,7/17/2018,40.24363387,-120.902581,49.76,
East Creek,C16,7/17/2018,40.24340594,-120.902429,222.56,
East Creek,C17,7/17/2018,40.24349963,-120.902108,124.64,
East Creek,C18,7/17/2018,40.24362478,-120.901784,129.28,
East Creek,C19,7/23/2018,40.24336144,-120.901632,40.48,
East Creek,C20,7/23/2018,40.24327064,-120.901955,55.84,
East Creek,C21,7/17/2018,40.24314264,-120.902276,97.28,
East Creek,C22,7/17/2018,40.24291372,-120.902124,39.68,
East Creek,C23,7/23/2018,40.24300747,-120.901803,19.68,
East Creek,C24,7/23/2018,40.24313802,-120.901482,54.08,
Greenville,V1,7/17/2018,40.23818046,-120.909457,175.04,
Greenville,V2,7/17/2018,40.23845977,-120.909542,276.48,
Greenville,V3,7/17/2018,40.23870131,-120.909641,181.44,
Greenville,V4,7/17/2018,40.23861304,-120.909965,313.44,
Greenville,V5,7/17/2018,40.2383362,-120.909868,180.32,
Greenville,V6,7/17/2018,40.23809213,-120.909779,221.12,
Greenville,V7,7/17/2018,40.23796805,-120.910106,202.08,
Greenville,V8,7/23/2018,40.23824721,-120.910194,79.68,
Greenville,V9,7/23/2018,40.2384894,-120.910288,126.88,
Greenville,V10,7/23/2018,40.23840114,-120.910612,99.2,
Greenville,V11,7/23/2018,40.23812292,-120.910521,107.84,
Greenville,V12,7/17/2018,40.23787941,-120.910426,307.52,
Greenville,V13,,40.2389621,-120.909732,,
Greenville,V14,7/23/2018,40.23923895,-120.909829,285.44,
Greenville,V15,7/23/2018,40.23948253,-120.909919,227.04,
Greenville,V16,7/23/2018,40.23939402,-120.910249,173.92,
Greenville,V17,7/23/2018,40.23911207,-120.91016,136.64,
Greenville,V18,7/23/2018,40.23887339,-120.910059,112.0,
Greenville,V19,7/23/2018,40.23875009,-120.910382,103.68,
Greenville,V20,7/23/2018,40.23902726,-120.910478,215.68,
Greenville,V21,7/23/2018,40.23927026,-120.910573,166.24,
Greenville,V22,7/23/2018,40.23918218,-120.910898,158.56,
Greenville,V23,7/23/2018,40.23890324,-120.910805,137.44,
Greenville,V24,7/23/2018,40.23866078,-120.910708,147.04,
Goodrich,R1,7/24/2018,40.36602127,-120.949557,51.36,
Goodrich,R2,7/24/2018,40.36584032,-120.949316,47.36,
Goodrich,R3,7/24/2018,40.36562882,-120.949073,69.92,
Goodrich,R4,7/24/2018,40.36544955,-120.949316,96.32,
Goodrich,R5,7/24/2018,40.365631,-120.94956,55.36,
Goodrich,R6,7/24/2018,40.36584313,-120.949802,100.16,
Goodrich,R7,7/24/2018,40.36563256,-120.950046,78.4,
Goodrich,R8,7/24/2018,40.36545082,-120.949804,68.48,
Goodrich,R9,,40.36523915,-120.94956,,
Goodrich,R10,7/24/2018,40.36505852,-120.949801,75.84,
Goodrich,R11,7/24/2018,40.3652384,-120.950044,174.56,
Goodrich,R12,7/24/2018,40.36545193,-120.950289,66.08,
Goodrich,R13,7/24/2018,40.36302714,-120.952689,46.24,
Goodrich,R14,7/24/2018,40.36321983,-120.952956,97.92,
Goodrich,R15,7/24/2018,40.36300816,-120.953197,62.24,
Goodrich,R16,7/24/2018,40.3628483,-120.952932,37.12,
Goodrich,R17,7/23/2018,40.36263427,-120.953173,78.56,
Goodrich,R18,7/24/2018,40.36282804,-120.953439,46.24,
Goodrich,R19,7/24/2018,40.36246583,-120.952915,92.0,
Goodrich,R20,7/24/2018,40.36230941,-120.952644,47.04,
Goodrich,R21,7/24/2018,40.36249418,-120.952411,46.24,
Goodrich,R22,7/24/2018,40.36268228,-120.952682,30.08,
Goodrich,R23,7/24/2018,40.362868,-120.952444,44.16,
Goodrich,R24,7/24/2018,40.3627108,-120.952175,65.12,
Bean,BE1,6/1/2016,37.75321,-120.14115,158.08,
Bean,BE10,6/1/2016,37.753,-120.14211,125.28,
Bean,BE11,6/1/2016,37.7528,-120.14188,372.0,
Bean,BE12,6/1/2016,37.75259,-120.14163,244.32,
Bean,BE13,6/1/2016,37.75489,-120.14307,408.64,
Bean,BE14,6/1/2016,37.75511,-120.14286,187.36,
Bean,BE15,6/1/2016,37.75547,-120.14291,487.2,
Bean,BE16,6/1/2016,37.75531,-120.14264,297.76,
Bean,BE17,6/1/2016,37.75494,-120.1426,215.52,
Bean,BE18,6/1/2016,37.75472,-120.14281,157.44,
Bean,BE19,6/1/2016,37.7535,-120.14386,218.4,
Bean,BE2,6/1/2016,37.75339,-120.14139,160.0,
Bean,BE20,6/1/2016,37.75378,-120.14388,116.16,
Bean,BE21,6/1/2016,37.75405,-120.14391,169.6,
Bean,BE22,6/1/2016,37.75405,-120.14358,111.68,
Bean,BE23,6/1/2016,37.75378,-120.14355,77.12,
Bean,BE24,6/1/2016,37.75351,-120.14352,155.52,
Bean,BE3,6/1/2016,37.75358,-120.14164,91.04,
Bean,BE4,6/1/2016,37.75376,-120.14139,171.04,
Bean,BE5,6/1/2016,37.75358,-120.14114,413.6,
Bean,BE6,6/1/2016,37.75339,-120.1409,235.84,
Bean,BE7,6/1/2016,37.75243,-120.14191,182.72,
Bean,BE8,6/1/2016,37.75263,-120.14213,224.0,
Bean,BE9,6/1/2016,37.75283,-120.14237,104.0,
Bonita,BO13,7/13/2016,36.03774023,-118.3296938,382.4,
Bonita,BO14,7/13/2016,36.03749,-118.32981,418.72,
Bonita,BO15,7/13/2016,36.03723108,-118.3299158,243.36,
Bonita,BO16,7/13/2016,36.03728,-118.33023,302.4,
Bonita,BO17,7/13/2016,36.03738875,-118.3305344,180.64,
Bonita,BO18,7/13/2016,36.03754,-118.33011,312.16,
Bonita,BO19,7/13/2016,36.0369756,-118.3300267,109.12,
Bonita,BO20,7/13/2016,36.03671,-118.33015,172.16,
Bonita,BO21,7/13/2016,36.03646599,-118.3302562,281.28,
Bonita,BO22,7/13/2016,36.03652,-118.33058,278.08,
Bonita,BO23,7/13/2016,36.03677725,-118.3304621,94.08,
Bonita,BO24,7/13/2016,36.03703,-118.33035,196.48,
East Creek,C10,7/24/2015,40.24322889,-120.9011593,57.2,
East Creek,C11,7/24/2015,40.24334065,-120.900839,41.792,
East Creek,C12,7/24/2015,40.24344813,-120.9005159,31.888,
East Creek,C13,7/24/2015,40.24385201,-120.9019367,11.984,
East Creek,C14,7/24/2015,40.24374442,-120.9022604,54.592,
East Creek,C15,7/24/2015,40.24363387,-120.9025817,80.416,
East Creek,C16,7/24/2015,40.2433883,-120.9024298,34.416,
East Creek,C17,7/24/2015,40.24349963,-120.9021082,54.768,
East Creek,C19,7/24/2015,40.24336144,-120.9016326,8.544,
East Creek,C20,7/24/2015,40.24325297,-120.9019553,11.904,
East Creek,C21,7/24/2015,40.24314264,-120.9022765,31.216,
East Creek,C22,7/24/2015,40.24289606,-120.9021242,54.72,
East Creek,C23,7/24/2015,40.24300747,-120.901803,44.544,
East Creek,C24,7/24/2015,40.24312034,-120.9014827,52.976,
East Creek,C9,7/24/2015,40.24347168,-120.9013113,23.328,
Deer,D1,7/1/2016,39.42899305,-120.6516882,860.32,
Deer,D10,7/1/2016,39.42837,-120.65052,627.0,
Deer,D11,7/1/2016,39.42819702,-120.6507842,563.68,
Deer,D12,7/1/2016,39.42802,-120.65105,522.0,
Deer,D13,7/1/2016,39.42915643,-120.6508688,594.72,
Deer,D14,7/1/2016,39.42933,-120.6506,877.0,
Deer,D15,7/1/2016,39.42949452,-120.6503227,195.84,
Deer,D16,7/1/2016,39.42928,-120.65011,432.0,
Deer,D17,7/1/2016,39.42911334,-120.650385,504.48,
Deer,D18,7/1/2016,39.42895,-120.65065,845.0,
Deer,D19,7/1/2016,39.42873494,-120.6504388,743.04,
Deer,D2,7/1/2016,39.42883,-120.65142,250.0,
Deer,D20,7/1/2016,39.4289,-120.65017,326.0,
Deer,D21,7/1/2016,39.42906861,-120.6498976,346.08,
Deer,D22,7/1/2016,39.42886,-120.64969,139.0,
Deer,D23,7/1/2016,39.42868957,-120.6499524,567.52,
Deer,D24,7/1/2016,39.42853,-120.65023,390.0,
Deer,D3,7/1/2016,39.42899305,-120.6511462,716.8,
Deer,D4,7/1/2016,39.42878,-120.65093,587.0,
Deer,D5,7/1/2016,39.4286123,-120.6512066,795.04,
Deer,D6,7/1/2016,39.42845,-120.65147,461.0,
Deer,D7,7/1/2016,39.42823706,-120.6512606,731.52,
Deer,D8,7/1/2016,39.4284,-120.651,1138.0,
Deer,D9,7/1/2016,39.42856751,-120.6507124,707.2,
Loney,L1,7/5/2016,39.42091571,-120.6545858,522.72,
Loney,L10,7/9/2016,39.42076,-120.65533,511.0,
Loney,L11,7/5/2016,39.42049541,-120.6554025,475.52,
Loney,L12,7/10/2016,39.42023,-120.65547,231.0,
Loney,L13,7/5/2016,39.42107685,-120.6556074,388.96,
Loney,L14,7/11/2016,39.42081,-120.65567,443.0,
Loney,L15,7/5/2016,39.42054608,-120.6557424,322.56,
Loney,L16,7/12/2016,39.42028,-120.65582,203.0,
Loney,L17,7/5/2016,39.42060096,-120.6559502,485.44,
Loney,L18,7/13/2016,39.42086,-120.65602,571.0,
Loney,L19,7/5/2016,39.42060096,-120.656086,599.2,
Loney,L2,7/5/2016,39.42065,-120.65465,753.0,
Loney,L20,7/14/2016,39.42034,-120.65615,458.0,
Loney,L21,7/5/2016,39.42116249,-120.6562988,492.48,
Loney,L22,7/15/2016,39.42092,-120.65636,527.0,
Loney,L23,7/5/2016,39.42065748,-120.6564281,412.0,
Loney,L24,7/16/2016,39.42039,-120.6565,682.0,
Loney,L3,7/5/2016,39.42038388,-120.6547204,464.96,
Loney,L4,7/6/2016,39.42013,-120.65479,484.0,
Loney,L5,7/5/2016,39.4209713,-120.6549263,430.24,
Loney,L6,7/7/2016,39.4207,-120.65499,429.0,
Loney,L7,7/5/2016,39.42043978,-120.6550602,338.4,
Loney,L8,7/8/2016,39.42018,-120.65513,408.0,
Loney,L9,7/5/2016,39.42102357,-120.6552656,445.12,
Martis Control,MC1,6/20/2016,39.30357608,-120.1085887,663.04,
Martis Control,MC10,6/21/2016,39.30409152,-120.1069854,622.72,
Martis Control,MC11,6/20/2016,39.30419277,-120.1066566,953.28,
Martis Control,MC12,6/21/2016,39.30429442,-120.1063337,516.64,
Martis Control,MC13,6/20/2016,39.30439386,-120.1060142,576.8,
Martis Control,MC14,6/21/2016,39.30394096,-120.1065273,380.96,
Martis Control,MC15,6/20/2016,39.30384095,-120.10685,371.84,
Martis Control,MC16,6/21/2016,39.30373903,-120.1071714,398.56,
Martis Control,MC17,6/20/2016,39.30448804,-120.1075683,234.88,
Martis Control,MC18,6/21/2016,39.30458978,-120.1072461,219.68,
Martis Control,MC19,6/20/2016,39.30469082,-120.1069234,135.04,
Martis Control,MC2,6/21/2016,39.30367812,-120.1082691,561.6,
Martis Control,MC20,6/21/2016,39.30464898,-120.1061389,118.4,
Martis Control,MC21,6/20/2016,39.30454411,-120.1064667,306.88,
Martis Control,MC22,6/21/2016,39.30444134,-120.1067909,239.2,
Martis Control,MC23,6/20/2016,39.30434091,-120.1071127,393.28,
Martis Control,MC24,6/21/2016,39.30423862,-120.1074349,768.16,
Martis Control,MC3,6/20/2016,39.30377892,-120.1079479,143.04,
Martis Control,MC4,6/21/2016,39.30388435,-120.1076253,500.32,
Martis Control,MC5,6/20/2016,39.30363891,-120.1074924,121.44,
Martis Control,MC6,6/21/2016,39.30353927,-120.1078139,598.72,
Martis Control,MC7,6/20/2016,39.3034382,-120.1081359,557.12,
Martis Control,MC8,6/21/2016,39.30333514,-120.108458,385.6,
Martis Control,MC9,6/20/2016,39.30398804,-120.1073083,880.48,
Middle Martis,MM1,6/20/2016,39.30424969,-120.1145155,110.88,
Middle Martis,MM10,6/21/2016,39.30366826,-120.1118065,717.28,
Middle Martis,MM11,6/20/2016,39.30371327,-120.1121476,,
Middle Martis,MM12,6/21/2016,39.30375737,-120.1124899,672.32,
Middle Martis,MM13,6/20/2016,39.30349056,-120.1104022,609.6,
Middle Martis,MM14,6/21/2016,39.30349845,-120.1100566,645.92,
Middle Martis,MM15,6/20/2016,39.3035059,-120.1097092,577.28,
Middle Martis,MM16,6/21/2016,39.30323769,-120.1097225,775.36,
Middle Martis,MM17,6/20/2016,39.30322924,-120.11007,687.04,
Middle Martis,MM18,6/21/2016,39.30322014,-120.1104151,525.28,
Middle Martis,MM19,6/20/2016,39.30221768,-120.1087055,672.32,
Middle Martis,MM2,6/21/2016,39.30428043,-120.1141678,208.32,
Middle Martis,MM20,6/21/2016,39.30201298,-120.1084782,660.8,
Middle Martis,MM21,6/20/2016,39.30180924,-120.1082512,168.0,
Middle Martis,MM22,6/21/2016,39.30163981,-120.1085143,409.12,
Middle Martis,MM23,6/20/2016,39.30184307,-120.108744,429.44,
Middle Martis,MM24,6/21/2016,39.30204346,-120.1089732,480.64,
Middle Martis,MM3,6/20/2016,39.30428043,-120.1138226,572.8,
Middle Martis,MM4,6/21/2016,39.30401444,-120.1137891,343.36,
Middle Martis,MM5,6/20/2016,39.30399766,-120.1141338,311.04,
Middle Martis,MM6,6/21/2016,39.30397979,-120.1144814,305.44,
Middle Martis,MM7,6/20/2016,39.30402506,-120.1125168,369.6,
Middle Martis,MM8,6/21/2016,39.30398376,-120.1121713,507.04,
Middle Martis,MM9,6/20/2016,39.30394446,-120.1118328,351.84,
Osa,O10,7/12/2016,36.18113,-118.30741,139.68,
Osa,O11,7/13/2016,36.18119436,-118.3077373,28.96,
Osa,O12,7/12/2016,36.18126,-118.30806,59.2,
Osa,O13,7/13/2016,36.18142686,-118.3089308,364.32,
Osa,O14,7/12/2016,36.18149,-118.30861,7.2,
Osa,O15,7/13/2016,36.18121809,-118.3085611,17.12,
Osa,O18,7/12/2016,36.18116,-118.30889,251.84,
Osa,O7,7/13/2016,36.1814894,-118.3079751,119.68,
Osa,O8,7/12/2016,36.18144,-118.30765,35.04,
Osa,O9,7/13/2016,36.18138722,-118.3073222,59.84,
Partnership,P12,7/14/2016,36.1586,-118.27451,26.72,
Partnership,P13,7/13/2016,36.15887679,-118.2742128,108.64,
Partnership,P14,7/14/2016,36.15861,-118.27418,299.2,
Partnership,P17,7/13/2016,36.1563861,-118.2768673,219.36,
Partnership,P18,7/14/2016,36.15657,-118.27711,180.8,
Partnership,P19,7/13/2016,36.156755,-118.2773524,507.68,
Partnership,P20,7/14/2016,36.15694,-118.2776,114.56,
Partnership,P21,7/13/2016,36.15712751,-118.2773687,43.2,
Partnership,P22,7/14/2016,36.15694,-118.27713,94.72,
Partnership,P23,7/13/2016,36.15676109,-118.2768804,199.84,
Partnership,P24,7/14/2016,36.15658,-118.27664,71.84,
Goodrich,R1,7/24/2015,40.36602127,-120.9495576,22.592,
Goodrich,R10,7/24/2015,40.36504242,-120.9498018,44.096,
Goodrich,R11,7/24/2015,40.3652384,-120.9500444,26.864,
Goodrich,R12,7/24/2015,40.36543585,-120.9502894,11.44,
Goodrich,R13,7/24/2015,40.36302714,-120.9526896,5.44,
Goodrich,R14,7/24/2015,40.36320383,-120.9529565,67.728,
Goodrich,R15,7/24/2015,40.36300816,-120.9531978,37.52,
Goodrich,R16,7/24/2015,40.3628323,-120.9529327,38.96,
Goodrich,R17,7/24/2015,40.36263427,-120.9531731,36.608,
Goodrich,R18,7/24/2015,40.36281205,-120.9534393,10.688,
Goodrich,R19,7/24/2015,40.36246583,-120.952915,19.728,
Goodrich,R2,7/24/2015,40.36582421,-120.9493161,29.28,
Goodrich,R20,7/24/2015,40.3622934,-120.9526446,29.712,
Goodrich,R21,7/24/2015,40.36249418,-120.9524113,14.368,
Goodrich,R22,7/24/2015,40.36266627,-120.952683,28.928,
Goodrich,R23,7/24/2015,40.362868,-120.9524447,4.576,
Goodrich,R24,7/24/2015,40.36269477,-120.9521752,9.568,
Goodrich,R3,7/24/2015,40.36562882,-120.9490733,24.592,
Goodrich,R4,7/24/2015,40.36543343,-120.9493167,15.696,
Goodrich,R5,7/24/2015,40.365631,-120.9495608,16.96,
Goodrich,R6,7/24/2015,40.36582703,-120.9498023,43.056,
Goodrich,R7,7/24/2015,40.36563256,-120.9500467,31.424,
Goodrich,R8,7/24/2015,40.36543471,-120.9498047,3.296,
Goodrich,R9,7/24/2015,40.36523915,-120.9495602,30.032,
Smith,S1,6/1/2016,37.761,-120.11996,408.48,
Smith,S10,6/1/2016,37.76184,-120.1213,421.6,
Smith,S11,6/1/2016,37.76198,-120.12159,445.12,
Smith,S12,6/1/2016,37.76213,-120.12188,305.12,
Smith,S13,6/1/2016,37.76237,-120.1217,355.52,
Smith,S14,6/1/2016,37.76222,-120.12142,681.76,
Smith,S15,6/1/2016,37.76208,-120.12113,569.76,
Smith,S16,6/1/2016,37.76194,-120.12084,660.16,
Smith,S17,6/1/2016,37.76004,-120.11923,407.36,
Smith,S18,6/1/2016,37.76015,-120.11953,353.76,
Smith,S19,6/1/2016,37.76026,-120.11985,593.76,
Smith,S2,6/1/2016,37.76117,-120.12023,280.8,
Smith,S20,6/1/2016,37.76036,-120.12016,316.64,
Smith,S21,6/1/2016,37.76061,-120.12007,252.16,
Smith,S22,6/1/2016,37.76051,-120.11976,446.88,
Smith,S23,6/1/2016,37.76041,-120.11945,251.52,
Smith,S24,6/1/2016,37.7603,-120.11914,303.04,
Smith,S3,6/1/2016,37.76133,-120.1205,505.76,
Smith,S4,6/1/2016,37.7615,-120.12077,575.68,
Smith,S5,6/1/2016,37.76172,-120.12058,370.08,
Smith,S6,6/1/2016,37.76156,-120.12032,766.56,
Smith,S7,6/1/2016,37.76139,-120.12005,706.56,
Smith,S8,6/1/2016,37.76123,-120.11978,457.12,
Smith,S9,6/1/2016,37.7617,-120.12101,484.0,
Upper Loney,UL1,7/21/2016,39.42230955,-120.6455902,,
Upper Loney,UL12,7/21/2016,39.42289,-120.64402,1083.0,
Upper Loney,UL13,7/21/2016,39.42277971,-120.6443356,2447.2,
Upper Loney,UL14,7/21/2016,39.42267,-120.64465,717.0,
Upper Loney,UL15,7/21/2016,39.42209174,-120.644844,479.04,
Upper Loney,UL16,7/21/2016,39.42227,-120.64458,653.0,
Upper Loney,UL17,7/21/2016,39.42244801,-120.6443196,815.52,
Upper Loney,UL18,7/21/2016,39.42225,-120.64409,568.0,
Upper Loney,UL19,7/21/2016,39.42207288,-120.6443435,525.44,
Upper Loney,UL2,7/21/2016,39.4225,-120.64535,555.0,
Upper Loney,UL20,7/21/2016,39.42189,-120.6446,,
Upper Loney,UL21,7/21/2016,39.42187453,-120.6441057,646.56,
Upper Loney,UL22,7/21/2016,39.42165,-120.64385,665.0,
Upper Loney,UL23,7/21/2016,39.42150391,-120.6441131,620.16,
Upper Loney,UL24,7/21/2016,39.4217,-120.64437,,
Upper Loney,UL3,7/21/2016,39.42269672,-120.6451033,801.76,
Upper Loney,UL4,7/21/2016,39.42248,-120.6449,,
Upper Loney,UL5,7/21/2016,39.42228976,-120.6451393,,
Upper Loney,UL6,7/21/2016,39.42211,-120.64537,,
Upper Loney,UL8,7/21/2016,39.4229,-120.64479,1340.0,
Greenville,V1,7/24/2015,40.23818046,-120.9094571,6.8,
Greenville,V10,7/24/2015,40.23838376,-120.9106127,9.984,
Greenville,V11,7/24/2015,40.23812292,-120.9105211,27.872,
Greenville,V12,7/24/2015,40.23786203,-120.9104266,44.848,
Greenville,V13,7/24/2015,40.2389621,-120.9097328,41.024,
Greenville,V14,7/24/2015,40.23922155,-120.9098292,46.624,
Greenville,V15,7/24/2015,40.23948253,-120.9099193,32.48,
Greenville,V16,7/24/2015,40.23937663,-120.9102493,18.0,
Greenville,V17,7/24/2015,40.23911207,-120.9101607,29.216,
Greenville,V18,7/24/2015,40.238856,-120.9100594,30.928,
Greenville,V19,7/24/2015,40.23875009,-120.9103828,30.768,
Greenville,V2,7/24/2015,40.23844236,-120.9095425,26.688,
Greenville,V20,7/24/2015,40.23900989,-120.9104784,40.288,
Greenville,V21,7/24/2015,40.23927026,-120.9105738,25.984,
Greenville,V22,7/24/2015,40.23916481,-120.9108983,37.904,
Greenville,V23,7/24/2015,40.23890324,-120.9108055,32.512,
Greenville,V24,7/24/2015,40.23864341,-120.9107082,24.896,
Greenville,V3,7/24/2015,40.23870131,-120.9096417,34.624,
Greenville,V4,7/24/2015,40.23859564,-120.9099653,57.568,
Greenville,V5,7/24/2015,40.2383362,-120.9098689,39.392,
Greenville,V6,7/24/2015,40.23807473,-120.90978,38.736,
Greenville,V7,7/24/2015,40.23796805,-120.910106,34.912,
Greenville,V8,7/24/2015,40.23822982,-120.9101946,56.288,
Greenville,V9,7/24/2015,40.2384894,-120.9102885,39.232,
Van Norden,NC1,7/7/2021,39.31943518,-120.373859,197.44,
Van Norden,NC10,7/7/2021,39.31978512,-120.375709,236.8,
Van Norden,NC2,7/7/2021,39.31957617,-120.373989,70.08,
Van Norden,NC3,7/7/2021,39.31948816,-120.3741231,144.48,
Van Norden,NC4,7/7/2021,39.31938212,-120.37401,140.16,
Van Norden,NC5,7/7/2021,39.31926419,-120.37391,80.32,
Van Norden,NC6,7/7/2021,39.31971312,-120.375465,146.08,
Van Norden,NC7,7/7/2021,39.31983818,-120.375549,192.96,
Van Norden,NC8,7/7/2021,39.31995218,-120.375636,49.76,
Van Norden,NC9,7/7/2021,39.3198842,-120.375779,240.0,
Van Norden,NN1,7/7/2021,39.31662787,-120.3623811,199.68,
Van Norden,NN10,7/7/2021,39.31631346,-120.3651832,82.08,
Van Norden,NN2,7/7/2021,39.3162669,-120.3626729,117.76,
Van Norden,NN3,7/7/2021,39.31546959,-120.3632974,162.88,
Van Norden,NN4,7/7/2021,39.31514604,-120.3635538,151.84,
Van Norden,NN5,7/7/2021,39.31488082,-120.3636826,118.88,
Van Norden,NN6,7/7/2021,39.31776718,-120.3643626,246.72,
Van Norden,NN7,7/7/2021,39.31751453,-120.3645024,163.52,
Van Norden,NN8,7/7/2021,39.31716238,-120.3647212,137.44,
Van Norden,NN9,7/7/2021,39.31691695,-120.3648593,121.12,
Van Norden,NS1,7/7/2021,39.31302811,-120.3646516,188.48,
Van Norden,NS10,7/7/2021,39.31165102,-120.3681901,46.56,
Van Norden,NS2,7/7/2021,39.31268802,-120.3647665,249.6,
Van Norden,NS3,7/7/2021,39.31210227,-120.3649675,90.88,
Van Norden,NS4,7/7/2021,39.31179049,-120.3650652,52.96,
Van Norden,NS5,7/7/2021,39.31142099,-120.3651835,119.52,
Van Norden,NS6,7/7/2021,39.31312936,-120.3670585,346.72,
Van Norden,NS7,7/7/2021,39.31297158,-120.3672171,208.8,
Van Norden,NS8,7/7/2021,39.31244672,-120.3676056,179.68,
Van Norden,NS9,7/7/2021,39.31198879,-120.3679579,32.48,
Van Norden,NC1,7/15/2022,39.31943518,-120.373859,113.12,
Van Norden,NC2,7/15/2022,39.31957617,-120.373989,86.24,
Van Norden,NC3,7/15/2022,39.31948816,-120.3741231,178.56,
Van Norden,NC4,7/15/2022,39.31938212,-120.37401,269.6,
Van Norden,NC5,7/15/2022,39.31926419,-120.37391,149.12,
Van Norden,NC6,7/15/2022,39.31971312,-120.375465,138.56,
Van Norden,NC7,7/15/2022,39.31983818,-120.375549,61.6,
Van Norden,NC8,7/15/2022,39.31995218,-120.375636,49.44,
Van Norden,NC9,7/15/2022,39.3198842,-120.375779,227.84,
Van Norden,NC10,7/15/2022,39.31978512,-120.375709,27.52,
Van Norden,NS1,7/15/2022,39.31302811,-120.3646516,189.76,
Van Norden,NS2,7/15/2022,39.31268802,-120.3647665,263.36,
Van Norden,NS3,7/15/2022,39.31210227,-120.3649675,101.76,
Van Norden,NS4,7/15/2022,39.31179049,-120.3650652,153.92,
Van Norden,NS5,7/15/2022,39.31142099,-120.3651835,73.28,
Van Norden,NS6,7/15/2022,39.31312936,-120.3670585,294.72,
Van Norden,NS7,7/15/2022,39.31297158,-120.3672171,139.04,
Van Norden,NS8,7/15/2022,39.31244672,-120.3676056,175.84,
Van Norden,NS9,7/15/2022,39.31198879,-120.3679579,65.44,
Van Norden,NS10,7/15/2022,39.31165102,-120.3681901,41.12,
Van Norden,NN1,7/15/2022,39.31662787,-120.3623811,212.16,
Van Norden,NN2,7/15/2022,39.3162669,-120.3626729,138.88,
Van Norden,NN3,7/15/2022,39.31546959,-120.3632974,74.88,
Van Norden,NN4,7/15/2022,39.31514604,-120.3635538,284.16,
Van Norden,NN5,7/15/2022,39.31488082,-120.3636826,112.64,
Van Norden,NN6,7/15/2022,39.31776718,-120.3643626,228.8,
Van Norden,NN7,7/15/2022,39.31751453,-120.3645024,212.96,
Van Norden,NN8,7/15/2022,39.31716238,-120.3647212,266.56,
Van Norden,NN9,7/15/2022,39.31691695,-120.3648593,112.8,
Van Norden,NN10,7/15/2022,39.31631346,-120.3651832,144.48,
Van Norden,NN2,7/19/2023,39.3162669,-120.3626729,114.24,
Van Norden,NN5,7/19/2023,39.31488082,-120.3636826,121.92,
Van Norden,NN6,7/19/2023,39.31776718,-120.3643626,297.12,
Van Norden,NN9,7/19/2023,39.31691695,-120.3648593,136.8,
Van Norden,NS1,7/19/2023,39.31302811,-120.3646516,259.04,
Van Norden,NS3,7/19/2023,39.31210227,-120.3649675,120.48,
Van Norden,NS8,7/19/2023,39.31244672,-120.3676056,158.08,
Van Norden,NS10,7/19/2023,39.31165102,-120.3681901,34.4,
