Site,ID,SampleDate,Latitude,Longitude,SoilC.kg.m2,SoilN.kg.m2,Roots.kg.m2,percentC,percentN
Calf,CP11,2022-08-03,38.938662,-120.291207,10.1390995,1.028584822,0.816250919,3.678366455,
Calf,CP2,2022-08-03,38.93819798,-120.292089,4.766412229,0.570675008,3.165887494,2.256850316,
Calf,CP20,2022-08-03,38.93820301,-120.292458,11.0476462,0.879324416,2.174725663,5.770869594,
Wilson,WRA,2023-08-31,38.82586296,-120.256128,8.011101293,0.034853184,0.830302096,4.530850199,
Wilson,WRB,2023-08-31,38.825611,-120.256229,9.352367289,0.196275678,0.264990031,4.138640128,
Wilson,WRC,2023-08-31,38.824906,-120.255856,9.589787379,0.258670797,0.783192757,4.863888768,
Wilson,WRF,2023-08-31,38.823396,-120.256299,7.437450198,0.220126802,0.259101363,4.259181328,
Wilson,WRG,2023-08-31,38.82297598,-120.255924,8.340979057,0.222982177,0.423984049,4.370000356,
Wilson,WRI,2023-08-31,38.82200301,-120.256401,10.16255805,0.115219008,0.117773347,4.04828034,
Wilson,WRJ,2023-08-31,38.82112802,-120.256709,9.310157823,0.043223632,0.182548688,3.491868443,
Wilson,WRS1,2022-08-02,38.82695236,-120.255136,4.950168101,0.218463366,0.209893094,2.403092931,
Wilson,WRS13,2022-08-02,38.8244408,-120.255348,4.267091899,0.334765539,0.134098365,2.200048405,
Wilson,WRS19,2022-08-02,38.82451649,-120.256166,9.943069647,0.526585208,0.431446915,4.276475183,
Wilson,WRS21,2022-08-02,38.82400034,-120.256334,8.852436517,0.700946455,1.288510379,5.257738028,
Wilson,WRS7,2022-08-02,38.82636462,-120.255742,10.29484299,0.641457182,0.040812546,4.539572039,
Wilson,WRS9,2022-08-02,38.82582675,-120.255657,9.971826054,0.500291457,1.014483285,1.84171833,
Wilson,WRSY,2022-08-02,38.81993696,-120.257677,1.848819006,0.227731804,0.618018553,1.038915306,
Wilson,WRSZ,2022-08-02,38.81940596,-120.257219,5.384629693,0.404013558,1.422608745,2.47587542,
Castle Valley,CV_B_01,2024-07-26,39.34734102,-120.3529167,,,,,
Castle Valley,CV_B_02,2024-07-26,39.3472104,-120.3531707,,,2.670306579,,
Castle Valley,CV_C_01,2024-07-26,39.34679887,-120.3528414,,,4.839201878,,
Castle Valley,CV_C_02,2024-07-26,39.346614,-120.3532044,,,0.116607274,,
Castle Valley,CV_D_01,2024-07-26,39.34644041,-120.3519519,,,0.458120828,,
Castle Valley,CV_D_03,2024-07-26,39.34610909,-120.3525555,,,0.517973156,,
Castle Valley,CV_E_02,2024-07-26,39.34587805,-120.3515852,,,3.049280219,,
Castle Valley,CV_F_02,2024-07-26,39.34513289,-120.3513284,,,0.979501103,,
Castle Valley,CV_F_03,2024-07-26,39.34496654,-120.35135,,,2.132200448,,
Round Valley,RV_C_01,2024-07-18,39.37006763,-120.3639625,,,0.104946547,,
Round Valley,RV_D_03,2024-07-18,39.36952519,-120.3650866,,,0.489750552,,
Round Valley,RV_E_01,2024-07-18,39.36878674,-120.3651862,,,0.209893093,,
Round Valley,RV_E_03,2024-07-18,39.36881925,-120.3656209,,,5.245383016,,
Round Valley,RV_F_02,2024-07-18,39.36832418,-120.3662284,,,1.206885288,,
Round Valley,RV_F_04,2024-07-18,39.36855226,-120.3663464,,,1.743278749,,
Childs,CH01,2023-07-21,40.341096,-121.488297,8.872959971,0.700172176,2.256350755,4.116292255,
Childs,CH02,2023-07-21,40.341665,-121.488444,5.253506812,0.239593476,0.378973641,1.944527453,
Childs,CH03,2023-07-21,40.341444,-121.488591,5.175052125,0.277707252,1.451760563,2.137904377,
Childs,CH04,2023-07-21,40.340901,-121.487213,3.142165842,0.1943558,2.536208214,1.485530042,
Childs,CH05,2023-07-21,40.340258,-121.486554,14.32546639,1.267876052,2.681967307,7.260146015,
Childs,CH07,2023-07-21,40.340602,-121.4874,9.573636441,0.611380913,7.387070819,4.613378726,
Childs,CH08,2023-07-21,40.340556,-121.485676,6.817928072,0.285084528,0.974448122,2.389122401,
Childs,CH09,2023-07-21,40.340509,-121.485686,9.910978014,0.644729664,0.196288912,4.484190724,
Childs,CH10,2023-07-21,40.340062,-121.485823,16.23858875,1.228434433,0.956179648,7.171199407,
Childs,CH16,2023-07-26,40.320583,-121.472817,7.328408999,0.541932044,3.761750665,4.900360704,
Childs,CH16B,2023-07-26,40.320326,-121.472511,12.27615207,0.961152888,1.215047797,6.862209032,
Childs,CH21,2023-07-26,40.320671,-121.473366,4.977617235,0.158072137,1.113599468,2.37814021,
Childs,CH23B,2023-07-26,40.32096,-121.473246,13.31202486,1.108239492,1.072786923,7.136688898,
Childs,CH26,2023-07-28,40.319109,-121.467808,8.32695667,0.615588292,1.13109056,5.841796538,
Childs,CH27,2023-07-28,40.318895,-121.467799,7.287283121,0.711183009,1.247697834,4.773124259,
Childs,CH28,2023-07-28,40.319507,-121.469175,12.55287927,1.059767349,3.230021495,6.916081823,
Childs,CH29,2023-07-28,40.319027,-121.469372,9.135405557,0.696781489,3.824718593,5.12052528,
Childs,CH31,2023-07-28,40.319259,-121.470866,10.6440935,0.75264733,0.435333823,5.268859267,
Childs,CH33,2023-07-28,40.319371,-121.47003,11.46148124,0.857595923,2.53037785,5.61702218,
Childs,CH35,2023-07-28,40.3193,-121.470842,8.794475392,0.526282222,3.739595283,3.374822106,
Childs,CH37,2023-07-24,40.34434,-121.480531,17.66213894,1.10353845,1.066956559,6.630807122,
Childs,CH39,2023-07-24,40.343857,-121.481086,13.0792399,1.227779307,2.41143843,4.922912301,
Childs,CH40,2023-07-24,40.344155,-121.480675,11.96729489,0.933638386,1.428439109,5.319119945,
Childs,CH41,2023-07-24,40.34412,-121.481248,11.05981885,1.040946677,0.752116918,6.930697264,
Childs,CH42,2023-07-24,40.344592,-121.480585,11.28305806,0.989843562,0.040812546,6.920096688,
Childs,CH46,2023-07-24,40.344482,-121.480479,,,0.075794728,,
Childs,CH49,2023-07-24,40.344366,-121.480368,12.6261314,0.836228159,2.716949488,5.246346617,
Childs,CH50,2023-07-24,40.344696,-121.480195,14.90311351,1.180694219,0.373143277,6.166443716,
Poppys Fen,CH44,2023-07-24,40.345592,-121.479551,8.629557386,0.481160163,0.025264909,27.29253382,
Poppys Fen,CH47,2023-07-24,40.345255,-121.479422,4.016028394,0.155732764,0.0,39.32780379,
Poppys Fen,CH51,2023-07-24,40.3459,-121.479304,12.03353458,0.754281922,0.0,24.46181519,
Poppys Fen,CH52,2023-07-24,40.345105,-121.479784,10.70465998,0.394849133,0.06374531,19.02965511,
Poppys Fen,CH53,2023-07-24,40.345052,-121.479683,1.762590917,0.078765563,0.0,22.94992322,
Poppys Fen,CH54,2023-07-24,40.345625,-121.478715,9.441237757,0.541530213,0.008162509,24.3400012,
Alkali Flat,A10,2016-07-08,40.09414684,-120.3433888,7.890251686,0.767969937,1.096108377,2.545078331,
Alkali Flat,A12,2016-07-08,40.0937404,-120.3429252,16.89787466,1.647039699,3.52153968,3.341528816,
Alkali Flat,A2,2016-07-08,40.09496072,-120.3445544,12.29394366,1.07403893,1.282680016,3.992258893,
Alkali Flat,A3,2016-07-08,40.09507086,-120.3448771,13.85880977,1.079776448,2.68779767,5.830496018,
Alkali Flat,A4,2016-07-08,40.0953105,-120.3446953,15.69134828,1.18157852,6.244319532,6.484964534,
Alkali Flat,A6,2016-07-08,40.09508595,-120.3440463,9.86958903,0.954303892,11.15348578,3.689209232,
Alkali Flat,A8,2016-07-08,40.09377879,-120.3434385,10.61331012,0.773036736,5.066586063,4.270035471,
Alkali Flat,A9,2016-07-08,40.09397417,-120.3436658,8.970592926,0.718835257,1.375965836,3.149222428,
Big Flat,F1,2017-08-02,40.1495622,-120.45974,15.33807677,1.084178777,5.748738617,7.314677914,
Big Flat,F11,2017-08-02,40.14825848,-120.4612667,13.05454009,0.995118219,11.67238814,6.720418624,
Big Flat,F12,2017-08-02,40.14845227,-120.4610242,13.75530921,0.996136717,6.967284633,7.042700678,
Big Flat,F2,2017-08-02,40.14931435,-120.4599129,14.46804084,1.088486382,9.503492846,6.704453258,
Big Flat,F4,2017-08-02,40.14893163,-120.4597987,7.049353631,0.472454035,3.265003677,6.164761664,
Big Flat,F5,2017-08-02,40.14916884,-120.4596047,10.69430278,0.794952038,8.745545564,4.44421177,
Big Flat,F8,2017-08-02,40.14846073,-120.4615125,10.39102751,0.842214437,6.384248261,3.749124761,
Big Flat,F9,2017-08-02,40.14824959,-120.4617603,6.850823778,0.456503388,7.177177726,3.438585188,
Clover Valley,CV1,2016-06-20,39.9614702,-120.4134275,8.407014805,0.577489629,0.816250919,2.777181493,
Clover Valley,CV10,2016-06-20,39.96291071,-120.4135297,6.898781024,0.492419629,2.390449121,2.109168327,
Clover Valley,CV12,2016-06-20,39.96250327,-120.4139947,7.066865309,0.51572179,0.641340008,2.139331087,
Clover Valley,CV3,2016-06-20,39.96197512,-120.4131519,7.178125312,0.472916094,0.991161831,2.369081469,
Clover Valley,CV5,2016-06-20,39.96180673,-120.4136264,5.794871479,0.424686886,0.699643645,1.962839057,
Clover Valley,CV8,2016-06-20,39.96253445,-120.4134874,3.467868004,0.245200926,2.052446308,0.891963192,
Coyote Flat,Y1,2016-07-08,40.110052,-120.4172487,8.305925057,0.564858338,1.148581651,3.845681657,
Coyote Flat,Y10,2016-07-08,40.11158656,-120.4194028,14.28796483,0.960706337,1.387626562,4.901825734,
Coyote Flat,Y12,2016-07-08,40.11144239,-120.41871,8.812512678,0.638887621,4.209522598,3.396050347,
Coyote Flat,Y3,2016-07-08,40.11012996,-120.4179603,9.257846305,0.683473766,0.198232366,3.128969005,
Coyote Flat,Y4,2016-07-08,40.11039759,-120.4178613,11.00853475,0.769514109,0.437277278,3.85041122,
Coyote Flat,Y6,2016-07-08,40.11030765,-120.4171755,8.821579661,0.628496516,0.256536003,3.221724955,
Coyote Flat,Y7,2016-07-08,40.11120024,-120.4188502,7.815537735,0.562677568,0.227384185,2.923939731,
Coyote Flat,Y9,2016-07-08,40.1113419,-120.4195474,9.613114377,0.695717844,0.40812546,2.891618919,
Dixie,X1,2016-07-18,39.93496503,-120.333205,7.765580811,0.481508343,6.099675371,3.089765628,
Dixie,X10,2016-07-18,39.93350197,-120.332292,9.552680471,0.698334103,1.422608745,3.891345089,
Dixie,X11,2016-07-18,39.93341303,-120.332613,9.507988668,0.674649691,1.591689293,3.368671738,
Dixie,X12,2016-07-18,39.93366198,-120.332703,10.98886816,0.719009193,2.198047118,5.011112164,
Dixie,X2,2016-07-18,39.93470997,-120.333044,13.01429473,0.832611145,3.581439405,4.105468015,
Dixie,X3,2016-07-18,39.93454602,-120.333458,10.72550007,0.714785045,1.820258856,3.602411147,
Dixie,X4,2016-07-18,39.934845,-120.333505,13.21825736,0.822797559,1.711766606,5.618612769,
Dixie,X5,2016-07-18,39.93482203,-120.332041,9.975618668,0.607486326,1.877377115,3.497569391,
Dixie,X6,2016-07-18,39.93461601,-120.331804,14.09974835,1.084413876,2.040627299,5.855846072,
Dixie,X7,2016-07-18,39.93445599,-120.33211,15.31019986,0.980828418,5.474711523,7.725445844,
Dixie,X8,2016-07-18,39.934672,-120.332337,20.02309396,1.405231428,2.752441827,11.02928565,
Dixie,X9,2016-07-18,39.93374697,-120.332374,10.84734058,0.736746583,4.046272414,4.522986136,
Dotta,DO1,2016-06-29,39.90285002,-120.369144,19.72784162,1.702103193,0.207943478,5.746586289,
Dotta,DO10,2016-07-07,39.90626656,-120.3808085,14.42008401,0.939828653,2.612002942,5.956539833,
Dotta,DO11,2016-07-07,39.90641098,-120.381115,7.543926984,0.491328502,2.938503309,3.436054075,
Dotta,DO12,2016-07-07,39.90658399,-120.381405,6.900145408,0.404245285,1.76076984,2.712172543,
Dotta,DO2,2016-06-29,39.902602,-120.368949,10.26610274,0.80435986,1.744917016,4.205570544,
Dotta,DO3,2016-06-29,39.90238499,-120.368752,9.193797072,0.660691713,2.223232017,3.002347542,
Dotta,DO4,2016-06-29,39.90252304,-120.368462,7.262524161,0.519744752,2.522917538,3.561670146,
Dotta,DO5,2016-06-29,39.90274399,-120.368636,8.783139195,0.655006979,4.496401014,3.208847183,
Dotta,DO6,2016-06-29,39.90298379,-120.3688082,11.0728706,0.818131558,1.244647198,3.710723245,
Dotta,DO7,2016-07-07,39.90637503,-120.381626,9.777318716,0.677042671,2.775253126,4.67674116,
Dotta,DO8,2016-07-07,39.90622348,-120.3813162,8.452499553,0.599027545,1.026144013,4.467057727,
Dotta,DO9,2016-07-07,39.90608602,-120.3810322,9.915235922,0.718163687,4.914996607,5.136948107,
Lower Clarks,LC1,2016-07-27,40.12300942,-120.5030499,9.138479577,0.714038937,3.113414221,2.792785574,
Lower Clarks,LC10,2016-07-27,40.12339767,-120.5046246,14.70904926,1.070590423,3.77224532,4.498771599,
Lower Clarks,LC12,2016-07-27,40.12289886,-120.5043605,7.147938721,0.630972635,1.784091295,2.262303958,
Lower Clarks,LC3,2016-07-27,40.12348308,-120.5033699,8.183320313,0.760528074,3.824718593,2.566291775,
Lower Clarks,LC4,2016-07-27,40.12336364,-120.5036824,9.280781858,0.667363198,1.282680016,2.585258736,
Lower Clarks,LC6,2016-07-27,40.12288084,-120.5033593,4.040703887,0.240178343,6.261810624,1.175045799,
Lower Clarks,LC7,2016-07-27,40.1230002,-120.5040419,8.78364274,0.69446457,6.704918266,2.820474648,
Lower Clarks,LC9,2016-07-27,40.12349842,-120.5043098,10.07449082,0.786080346,0.868724193,3.123681868,
Lower Dixie,LX1,2016-07-18,39.93990096,-120.338961,5.677460429,0.44984847,2.786913853,1.779412475,
Lower Dixie,LX10,2016-07-18,39.93799802,-120.33828,12.15962801,0.792538149,1.247697834,3.914327676,
Lower Dixie,LX11,2016-07-18,39.93820396,-120.338482,11.3471777,0.826650801,0.215723458,5.015723237,
Lower Dixie,LX12,2016-07-18,39.93839599,-120.33869,12.14995866,0.859558888,0.717134737,4.976808899,
Lower Dixie,LX2,2016-07-18,39.93969301,-120.338712,7.918917532,0.559482225,3.848040048,3.076851313,
Lower Dixie,LX3,2016-07-18,39.93953803,-120.338442,6.969885561,0.560948119,0.262366367,1.995139076,
Lower Dixie,LX4,2016-07-18,39.93929202,-120.338708,6.186286822,0.508734285,0.483920188,2.053979421,
Lower Dixie,LX5,2016-07-18,39.93949603,-120.338936,8.91038439,0.702989997,6.314283897,3.718440385,
Lower Dixie,LX6,2016-07-18,39.93969703,-120.339184,10.16310309,0.788162928,1.428439109,3.104760155,
Lower Dixie,LX7,2016-07-18,39.93859003,-120.338434,12.8026807,0.90287312,0.606357826,5.079098405,
Lower Dixie,LX8,2016-07-18,39.938355,-120.338213,14.47897647,1.037464105,0.145759093,5.248172811,
Lower Dixie,LX9,2016-07-18,39.93814697,-120.338016,8.424498018,0.609520557,0.903706375,3.114847542,
McReynolds,M1,2016-08-09,39.95647299,-120.496834,6.897615461,1.377460968,10.6520745,2.030224187,
McReynolds,M10,2016-08-09,39.95878103,-120.486974,23.01332402,1.67613551,3.56818259,9.351742796,
McReynolds,M11,2016-08-09,39.95906099,-120.48712,17.62138323,1.406933689,4.640969512,7.973552747,
McReynolds,M4,2016-08-09,39.95659696,-120.496731,4.355089526,0.438689232,3.988009217,1.236153233,
McReynolds,M5,2016-08-09,39.96023596,-120.488891,5.024347546,0.563543135,2.320484756,1.362092808,
McReynolds,M7,2016-08-09,39.960616,-120.488743,13.54147056,1.20844892,4.920826971,4.483869644,
McReynolds,M9,2016-08-09,39.95863896,-120.487278,15.05175886,1.265052277,10.29642231,5.88275244,
Poco,PO1,2016-07-07,39.96934005,-120.5231581,7.664053632,0.533243208,4.186201143,2.678415607,
Poco,PO10,2016-07-07,39.97230976,-120.5282042,6.450532828,0.499849084,1.008652921,2.644587503,
Poco,PO11,2016-07-07,39.97209133,-120.5279566,4.554110268,0.34216377,1.684975112,2.058063975,
Poco,PO3,2016-07-07,39.96953015,-120.5237733,7.998668129,0.524859582,0.874554556,3.063692882,
Poco,PO5,2016-07-07,39.96969561,-120.5233141,6.941850828,0.517813565,6.564989537,3.060401068,
Poco,PO6,2016-07-07,39.96957659,-120.5230065,6.022418827,0.589221451,8.197491375,2.696943943,
Poco,PO7,2016-07-07,39.97169059,-120.5279623,3.843319514,0.370864951,2.565360032,1.266743483,
Poco,PO9,2016-07-07,39.97208613,-120.5284366,6.654946254,0.585012565,2.01147548,2.124192548,
Upper Clarks,UC1,2016-08-04,40.12896904,-120.503472,11.25044291,0.823254369,6.634953901,4.870800774,
Upper Clarks,UC10,2016-08-04,40.13574597,-120.508032,12.09169661,0.956426421,10.79783359,4.349239117,
Upper Clarks,UC11,2016-08-04,40.135764,-120.508365,11.82362349,1.034946079,11.31673596,4.145340908,
Upper Clarks,UC4,2016-08-04,40.12885303,-120.503759,7.156007254,0.702811883,4.955809153,2.260808689,
Upper Clarks,UC6,2016-08-04,40.13476001,-120.506502,10.69491919,0.804331356,7.771874824,4.495976926,
Upper Clarks,UC7,2016-08-04,40.13472598,-120.506871,7.475499641,0.549624059,9.246956843,2.78552708,
Upper Clarks,UC9,2016-08-04,40.13546803,-120.508009,9.703267072,0.824023055,2.833556763,4.02593238,
Clover Valley,1N,2021-08-03,39.94892,-120.4254434,,,1.76,,
Clover Valley,2N,2021-08-03,39.9494351,-120.4255564,,,1.46,,
Clover Valley,3N,2021-08-03,39.9499838,-120.4257127,,,0.79,,
Clover Valley,4N,2021-08-03,39.9505136,-120.4258111,,,1.98,,
Clover Valley,5N,2021-08-03,39.9510511,-120.4258771,,,3.17,,
Clover Valley,1W,2021-08-03,39.9484738,-120.4261028,,,1.15,,
Clover Valley,2W,2021-08-03,39.948583,-120.4267888,,,2.74,,
Clover Valley,3W,2021-08-03,39.948673,-120.4274898,,,1.7,,
Clover Valley,4W,2021-08-03,39.9487455,-120.4281782,,,2.73,,
Clover Valley,5W,2021-08-03,39.9488458,-120.4288718,,,1.47,,
Clover Valley,1E,2021-08-03,39.9481445,-120.4247053,,,2.17,,
Clover Valley,2E,2021-08-03,39.947927,-120.424065,,,1.98,,
Clover Valley,3E,2021-08-03,39.9475798,-120.423491,,,2.35,,
Clover Valley,4E,2021-08-03,39.9472143,-120.4230205,,,3.14,,
Clover Valley,5E,2021-08-03,39.9467815,-120.4226245,,,0.63,,
Clover Valley,1S,2021-08-03,39.947781,-120.4254856,,,3.49,,
Clover Valley,2S,2021-08-03,39.9472725,-120.4255983,,,1.56,,
Clover Valley,3S,2021-08-03,39.9467325,-120.4257421,,,1.85,,
Clover Valley,4S,2021-08-03,39.9462052,-120.4259182,,,2.4,,
Clover Valley,5S,2021-08-03,39.9456816,-120.426184,,,1.38,,
Bear Trap,BT12,2022-10-31,39.64234063,-120.502013,15.13970332,1.011360288,2.023136207,6.205155361,
Bear Trap,BT12,2017-10-15,39.64234063,-120.502013,8.782289657,,5.404747158,3.649053587,
Bear Trap,BT17,2022-10-31,39.6415073,-120.499287,4.899180711,0.376941677,0.326500368,3.424852333,
Bear Trap,BT17,2017-10-15,39.6415073,-120.499287,9.884147159,,0.413955823,6.884637271,
Bear Trap,BT20,2022-10-31,39.64204961,-120.500056,7.672221083,0.555808492,0.979501103,4.847404949,
Bear Trap,BT20,2017-10-15,39.64204961,-120.500056,7.123822657,,6.664105719,4.410429896,
Church,CHU1,2022-07-26,39.67556398,-120.623505,3.497808774,0.514018607,1.521724928,1.402231229,
Church,CHU3,2022-07-26,39.67523599,-120.624021,4.727805261,0.46179661,3.62274134,2.764679631,
Church,CHU4,2022-07-26,39.67499996,-120.624161,2.147119175,0.323136754,4.349451327,0.848006321,
Church,CHU6,2022-07-26,39.67453401,-120.623905,4.115478407,0.478658405,2.316224105,1.684404187,
Freeman,FM1,2021-08-03,39.67512962,-120.605471,7.083265173,0.492080834,6.32011426,3.251038893,
Freeman,FM10,2017-07-27,39.67479697,-120.604832,7.206332425,0.733951512,2.804404944,2.895545537,
Freeman,FM10,2021-08-03,39.67479697,-120.604832,6.305606044,0.414672605,1.171903105,2.366184215,
Freeman,FM12,2017-07-27,39.675262,-120.60519,6.809518247,0.656433662,3.031789128,3.66927208,
Freeman,FM12,2021-08-03,39.675262,-120.60519,8.038220391,0.697214749,4.092915323,4.740789311,
Freeman,FM14,2017-07-27,39.67518322,-120.604698,7.406124147,0.854676494,5.119059337,3.668689198,
Freeman,FM14,2021-08-03,39.67518322,-120.604698,8.426710563,0.528530046,2.68779767,3.134760538,
Freeman,FM18,2017-07-27,39.67425002,-120.604,14.09427861,1.283194593,5.981953166,8.406265662,
Freeman,FM18,2021-08-03,39.67425002,-120.604,11.67761807,1.207100052,3.218360767,8.399669071,
Freeman,FM19,2021-08-03,39.6755519,-120.604576,8.992969491,1.124987328,3.294155495,5.336613652,
Freeman,FM24,2021-08-03,39.67438147,-120.603687,10.33404857,0.984363281,2.198047118,7.075535085,
Freeman,FM25,2021-08-03,39.67394442,-120.603972,12.99870014,1.165467779,3.037619492,7.638403223,
Freeman,FM27,2021-08-03,39.67592097,-120.605856,5.013618125,0.327704763,7.398731547,2.961517779,
Freeman,FM28,2021-08-03,39.67569583,-120.605703,4.646270865,0.323962888,2.180556027,1.754050788,
Freeman,FM30,2021-08-03,39.67409125,-120.605113,9.373852037,0.835688444,6.943963178,13.63745679,
Freeman,FM6,2021-08-03,39.67395835,-120.604603,10.16287117,1.118501389,9.748368122,6.767365316,
Freeman,FM8,2021-08-03,39.67432903,-120.604481,10.47837556,0.842958438,4.442737147,5.942539688,
Goodrich Home Ranch,GOCR01,2024-06-19,40.32747,-120.932765,8.76476228,0.598499099,3.533200408,4.142834017,0.279984431
Goodrich Home Ranch,GOCR02,2024-06-19,40.3253172,-120.933784,11.28849748,0.763033623,2.261248261,4.356026683,0.294500921
Goodrich Home Ranch,GOCR04,2024-06-19,40.32122055,-120.935921,8.42638544,0.623365224,1.439510496,3.4665884,0.258165557
Goodrich Home Ranch,GOCR06,2024-06-19,40.31916361,-120.936761,12.67837448,0.865171971,2.638122971,4.559163161,0.310822521
Goodrich Home Ranch,GOCR07,2024-06-19,40.31697078,-120.937557,9.609968845,0.685915396,1.607606186,4.202671068,0.300203144
Goodrich Home Ranch,GOCR08,2024-06-19,40.31543165,-120.939651,10.25329018,0.735475345,4.375279838,3.871090708,0.27610292
Goodrich Home Ranch,GOCR09,2024-06-19,40.31346723,-120.941135,5.411342496,0.363046809,2.066922238,1.783277513,0.119420205
Goodrich Home Ranch,GOCR21,2024-06-19,40.31931095,-120.941152,9.076112948,0.586363532,1.147178647,3.246012284,0.209837813
Goodrich Home Ranch,GOCR22,2024-06-19,40.32112576,-120.939527,12.19423991,0.775675312,2.243582259,4.338311616,0.274533156
Goodrich Home Ranch,GOCR23,2024-06-19,40.32275803,-120.937821,11.42538404,0.762377786,3.615641751,3.949667958,0.264667592
Goodrich Home Ranch,GOCR24,2024-06-19,40.3200077,-120.937935,12.38205669,0.846665403,1.683612089,4.066313307,0.282314334
Goodrich Home Ranch,GOCR25,2024-06-19,40.31820594,-120.939562,12.38591785,0.809944712,2.184695585,5.696641941,0.371334254
Goodrich Home Ranch,HORA23,2024-06-21,40.31606962,-120.934853,28.65130752,1.858437259,3.091550356,13.18386314,0.815157114
Goodrich Home Ranch,HORA24,2024-06-21,40.31383608,-120.936702,5.830392202,0.406690399,,22.9903455,1.56255693
Goodrich Home Ranch,HORA27,2024-06-21,40.30599661,-120.94131,16.99350571,1.228119098,1.637049522,7.908207067,0.572953838
Goodrich Home Ranch,HORA29,2024-06-21,40.29899701,-120.937286,6.725772311,0.441349096,3.785641443,4.102340062,0.264352349
Goodrich Home Ranch,HORA32,2024-06-21,40.29345976,-120.921215,8.940268351,0.881846017,0.459316053,4.192832432,0.425160687
Goodrich Home Ranch,HORA34,2024-06-21,40.28898547,-120.924378,7.105407001,0.39493255,,12.16723813,0.677722459
McKenzie Meadows,MKME24A,2024-06-21,40.35554654,-120.892194,5.149750024,,1.394289823,13.33501688,
McKenzie Meadows,MKME04,2024-06-06,40.34638253,-120.947063,11.63850247,,1.966814893,8.471667158,0.656492717
McKenzie Meadows,MKME11,2024-06-06,40.34290186,-120.929279,9.400917299,,1.018739451,2.971497918,0.191284902
McKenzie Meadows,MKME12,2024-06-06,40.34075626,-120.935231,3.444850945,,3.073884354,1.112870002,0.086801675
McKenzie Meadows,MKME13,2024-06-06,40.34986462,-120.940841,4.012608254,,2.264035946,1.682868342,0.110303309
McKenzie Meadows,MKME14,2024-06-06,40.34996923,-120.946725,12.37841084,,4.375279839,3.891823866,0.277012263
McKenzie Meadows,MKME18,2024-06-06,40.34499432,-120.920385,7.122418038,,0.294433367,2.086490193,0.127769388
McKenzie Meadows,MKME27,2024-06-06,40.33925928,-120.93135,8.734201918,,0.359208708,2.879196773,0.201828981
McKenzie Meadows,MKME32,2024-06-06,40.34346146,-120.9221,11.58114075,,2.273025596,4.722329088,0.329615913
McKenzie,MKM-S1,2021-11-01,40.34857263,-120.903037,8.840941139,0.694998041,0.647170372,4.898216319,
McKenzie,MKM-S10,2021-11-01,40.34692628,-120.9146379,6.679194545,0.415919635,2.973485491,2.529960729,
McKenzie,MKM-S11,2021-11-01,40.34627417,-120.9169383,8.940533739,0.834010147,1.813243114,4.653653645,
McKenzie,MKM-S12,2021-11-01,40.34420472,-120.9155815,6.962082992,0.379727845,0.822081283,3.039144852,
McKenzie,MKM-S2,2021-11-01,40.34838086,-120.9065915,5.207255164,0.376700605,1.364305107,4.758830873,
McKenzie,MKM-S3,2021-11-01,40.34809539,-120.9089928,15.2617461,1.273985793,3.848040048,10.10244748,
McKenzie,MKM-S4,2021-11-01,40.34756548,-120.9114546,12.40255964,0.874437347,1.679144748,5.762674594,
McKenzie,MKM-S5,2021-11-01,40.34984831,-120.911333,10.66714948,0.721370156,1.568367838,3.20428367,
McKenzie,MKM-S6,2021-11-01,40.352113,-120.9113173,12.55187791,0.827183494,3.81888823,5.367219454,
McKenzie,MKM-S7,2021-11-01,40.34874878,-120.9134959,12.34023428,0.789021859,1.416778381,5.57628915,
McKenzie,MKM-S8,2021-11-01,40.34518282,-120.9111405,9.707193631,0.561863089,0.583036371,4.482827599,
McKenzie,MKM-S9,2021-11-01,40.34625894,-120.9126194,5.923122239,0.621023534,1.725787658,2.534288766,
Mountain Meadows Creek,MMC1,2021-11-19,40.26257069,-120.903037,8.673160157,0.344972612,0.116607274,2.751596309,
Mountain Meadows Creek,MMC10,2021-11-19,40.2698987,-120.911365,16.00529118,0.90858453,1.072786923,6.027978274,
Mountain Meadows Creek,MMC11,2021-11-19,40.26744365,-120.911647,5.494329178,0.291535568,0.064134001,2.376109411,
Mountain Meadows Creek,MMC12,2021-11-19,40.26509857,-120.911821,4.173169465,0.171052409,0.180741275,1.666658492,
Mountain Meadows Creek,MMC2,2021-11-19,40.26375153,-120.902285,4.822620095,0.173665909,0.011660728,1.906197516,
Mountain Meadows Creek,MMC3,2021-11-19,40.2650549,-120.901621,6.057650741,0.217046467,0.553884552,2.248891206,
Mountain Meadows Creek,MMC4,2021-11-19,40.263754,-120.905938,10.91816545,0.588336706,0.577206008,4.804305228,
Mountain Meadows Creek,MMC5,2021-11-19,40.26592038,-120.905606,7.678063146,0.317404716,0.97367074,2.810276776,
Mountain Meadows Creek,MMC6,2021-11-19,40.2686787,-120.905337,4.376995743,0.156837628,0.909536739,1.478925071,
Mountain Meadows Creek,MMC7,2021-11-19,40.26483588,-120.908749,6.948301491,0.264778047,0.023321455,2.530640656,
Mountain Meadows Creek,MMC8,2021-11-19,40.26677174,-120.908537,10.17431351,0.985532596,2.413770576,6.088729325,
Mountain Meadows Creek,MMC9,2021-11-19,40.26924514,-120.908308,4.209679142,0.172687549,0.087455456,2.141334175,
Upper Lacey,LASC1,2019-08-29,39.45151001,-120.434307,8.187737781,0.602818207,1.260174812,2.574599019,0.189154899
Upper Lacey,LASC2,2019-08-29,39.45216598,-120.433713,7.89323547,0.706984685,0.924520774,2.939492448,0.26312385
Upper Lacey,LASC3,2019-08-29,39.45264601,-120.432585,6.064611704,0.498818224,2.343689604,2.36503162,0.194690415
Upper Lacey,LASC4,2019-08-29,39.45335797,-120.432288,7.757151803,0.719594319,1.925594222,2.683086914,0.246009204
Upper Lacey,LASC6,2019-08-29,39.45563802,-120.43028,8.999654699,0.783280424,2.520349623,4.398347739,0.372554365
Lower Bear Creek,LBSC1,2019-07-19,39.18634599,-120.208439,13.71192374,0.795992069,2.231804923,6.195354152,0.359942586
Lower Bear Creek,LBSC2,2019-07-19,39.18611398,-120.20895,7.376070126,0.398764572,0.765526755,2.454726363,0.133005701
Lower Bear Creek,LBSC3,2019-07-19,39.18654003,-120.209169,8.996407811,0.526545554,3.168103032,3.942895838,0.23075488
Lower Bear Creek,LBSC4,2019-07-19,39.18424197,-120.210052,13.83354536,0.84450065,0.830302096,3.914108406,0.239056064
Lower Bear Creek,LBSC5,2019-07-19,39.18405304,-120.210156,14.08568408,0.869223407,2.184695585,5.293775172,0.326080331
Lower Bear Creek,LBSC6,2019-07-19,39.184204,-120.21036,15.05407103,0.80608201,2.83833766,5.599240608,0.298439587
Lower Lacey,LLE3,2019-07-20,39.474604,-120.418731,9.71172803,0.919443205,3.009109013,3.890567027,0.356787979
Lower Lacey,LLESC1,2019-07-20,39.46904697,-120.421071,10.86728281,1.028148399,7.137064823,3.976268722,0.374221526
Lower Lacey,LLESC2,2019-07-20,39.47017903,-120.419731,13.91616058,1.312453935,7.34316818,5.034439887,0.473481605
Lower Lacey,LLWSC1,2019-07-20,39.47227903,-120.424778,9.342796035,0.879479653,5.458794629,3.000486413,0.279442727
Lower Lacey,LLWSC2,2019-07-20,39.47278203,-120.422937,10.59664519,0.828611939,9.839963134,3.862301426,0.304136419
Lower Lacey,LLWSC3,2019-07-20,39.47439102,-120.418757,10.12777593,0.679659949,6.995736806,4.110137316,0.272988811
Lower Perazzo,LPC1SC,2019-08-13,39.49437699,-120.323397,4.494553189,0.343838785,6.87796346,1.856631316,0.139631954
Lower Perazzo,LPC2SC,2019-08-13,39.49442997,-120.323506,6.149810314,0.447320418,5.076031251,2.544989557,0.181447443
Lower Perazzo,LPC3SC,2019-08-13,39.49450599,-120.323598,5.29915283,0.521439434,3.315319715,2.163982617,0.215916781
Lower Perazzo,LPC4SC,2019-08-13,39.49452301,-120.323705,6.023423168,0.562344164,2.77356232,1.938709726,0.182048912
Martis Wildlife,MWSC10,2019-07-13,39.29928199,-120.13364,1.600689618,0.1095451,1.637049522,1.796132838,0.123899168
Martis Wildlife,MWSC12,2019-07-13,39.299297,-120.132947,10.96192619,0.820000125,1.589940183,4.111690067,0.311943617
Martis Wildlife,MWSC14,2019-07-13,39.29956103,-120.132922,5.929725255,0.461381225,0.471093387,2.486781912,0.200084133
Martis Wildlife,MWSC16,2019-07-13,39.299614,-120.134055,9.265320647,0.714571095,3.762858434,3.571612501,0.287547102
Martis Wildlife,MWSC18,2019-07-13,39.29988901,-120.133615,12.79748185,1.002639074,3.515534405,4.622144596,0.368782772
Martis Wildlife,MWSC2,2019-07-13,39.29878998,-120.133986,10.32487397,0.757990764,2.184695585,5.036986822,0.3810259
Martis Wildlife,MWSC20,2019-07-13,39.29983503,-120.132924,10.10271407,0.793163964,2.873669665,4.112880171,0.336876847
Martis Wildlife,MWSC22,2019-07-13,39.30014499,-120.133256,13.05326118,0.937733671,6.530532086,5.631654487,0.419982649
Martis Wildlife,MWSC24,2019-07-13,39.30014198,-120.133961,8.161820055,0.548236858,2.28480293,3.611216656,0.256622104
Martis Wildlife,MWSC4,2019-07-13,39.29875997,-120.132971,12.53734306,0.825821721,2.161140916,7.992413024,0.541665036
Martis Wildlife,MWSC6,2019-07-13,39.29894303,-120.132956,11.84587584,0.79096405,5.935776684,7.464314481,0.548138464
Martis Wildlife,MWSC8,2019-07-13,39.29901796,-120.133627,6.672888208,0.440168276,6.9427388,3.997568961,0.283435791
Dotta,DG1,2016-06-29,39.90285999,-120.36843,14.13677617,,4.219143043,15.08312678,
Dotta,DG5,2016-06-29,39.90276796,-120.368202,11.40140834,,2.630899772,7.67920233,
Dotta,DSG5,2016-06-29,39.90319602,-120.36797,8.209761817,,0.186688246,4.633009175,
Davies,DVG1,2016-09-22,39.504158,-120.097842,6.698083368,,0.117773347,7.166431737,
Davies,DVG5,2016-09-22,39.50439798,-120.099116,6.561562882,,0.066507302,7.438073653,
Davies,DVR3,2016-09-22,39.50389196,-120.097341,6.269515342,,0.912743438,6.207654879,
Davies,DVR5,2016-09-22,39.50397997,-120.098518,5.870663239,,0.692721413,5.423110128,
Kyburz,KG2,2016-09-16,39.50670501,-120.233205,7.828920487,,1.451729697,5.039086203,
Kyburz,KG4,2016-09-16,39.50689604,-120.233186,7.647325851,,0.453427386,4.519988513,
Kyburz,KSG2,2016-09-16,39.50656202,-120.233528,9.980789039,,0.247324029,7.28476435,
Kyburz,KSG4,2016-09-16,39.50673896,-120.233491,11.81445665,,0.51231406,8.511562978,
McReynolds,MG1,2016-06-28,39.95630301,-120.496784,15.19366048,,5.112330183,9.332812786,
McReynolds,MG5,2016-06-28,39.95612204,-120.496686,16.69518236,,8.802866025,12.26870797,
McReynolds,MSG1,2016-06-28,39.95620804,-120.496047,4.981793759,,2.518892033,2.754113801,
McReynolds,MSG5,2016-06-28,39.956187,-120.495788,7.09431275,,2.776642124,4.020436184,
Van Norden,NR2,2017-08-14,39.318036,-120.366214,5.375830352,,4.917037234,3.783356651,
Van Norden,NR4,2017-08-14,39.31784296,-120.366134,7.903479906,,3.491979737,4.389448647,
Upper Clarks,UCG1,2016-08-19,40.13691097,-120.508828,9.736453948,,3.496396237,5.070346816,
Upper Clarks,UCG5,2016-08-19,40.13672196,-120.508761,8.566544307,,3.049983293,4.681834453,
Upper Clarks,UCSG2,2016-08-19,40.13715598,-120.508647,10.06810384,,4.556706875,5.798246082,
Upper Clarks,UCSG4,2016-08-19,40.13715598,-120.508408,10.42832544,,0.507897559,4.882974984,
Perazzo,ZG1,2016-09-16,39.47856001,-120.384892,10.107264,,2.102254243,6.003584029,
Perazzo,ZG3,2016-09-16,39.47876201,-120.384714,10.25476069,,2.779450987,7.556740281,
Perazzo,ZR1,2016-09-16,39.47834903,-120.383887,5.503397201,,0.635976073,3.614417035,
Perazzo,ZR5,2016-09-16,39.47819003,-120.383726,12.43136994,,1.195399471,10.98242345,
Perazzo,ZSG2,2016-09-16,39.47850402,-120.384429,8.005272639,,0.647753408,4.364089723,
Perazzo,ZSG4,2016-09-16,39.47862798,-120.383954,10.20213845,,1.890262218,3.689937745,
Moonlight Lower Goodrich,T2-05,2023-11-21,40.30001436,-120.950753,13.923008,0.99091665,1.04229412,5.218838853,
Moonlight Lower Goodrich,T2-06,2023-11-21,40.29951617,-120.949769,9.79284277,0.631532485,2.125808912,2.954825382,
Moonlight Lower Goodrich,T2-07,2023-11-21,40.29918022,-120.948939,10.5493011,0.685803071,3.097439024,3.649962819,
Moonlight Lower Goodrich,T2-08,2023-11-21,40.29870121,-120.948243,6.652786801,0.47280859,0.139487808,2.047802746,
Moonlight Lower Goodrich,T3-09,2023-11-21,40.29751937,-120.952677,8.433738517,0.519022322,1.878484884,2.47279345,
Moonlight Lower Goodrich,T3-10,2023-11-21,40.29715743,-120.951906,5.482370758,0.417916083,0.017666002,1.56189498,
Moonlight Lower Goodrich,T3-11,2023-11-21,40.29683978,-120.951283,4.351120605,0.299339108,0.105996012,1.146468806,
Moonlight Lower Goodrich,T3-12,2023-11-21,40.29643578,-120.950523,7.185630075,0.55181453,0.158994018,1.772256506,
Moonlight Lower Goodrich,T1-01,2023-11-22,40.30275866,-120.948258,7.221848437,0.511020737,0.147216684,2.474405861,
Moonlight Lower Goodrich,T1-02,2023-11-22,40.30271136,-120.947889,6.062464725,0.411845299,0.282656033,1.795313403,
Moonlight Lower Goodrich,T1-03,2023-11-22,40.30268285,-120.947423,7.639605632,0.528770658,0.461839768,2.26231225,
Moonlight Lower Goodrich,T1-04,2023-11-22,40.30263786,-120.946948,10.29043715,0.716234922,2.008035565,3.376004498,
Bonita,BO11,2021-10-01,36.04088827,-118.333106,4.754508945,0.294754973,4.926657334,2.259179242,0.140766675
Bonita,BO15,2021-10-01,36.03723108,-118.329915,10.19146695,0.821618856,7.445374456,11.15101149,0.897329697
Bonita,BO17,2021-10-01,36.03738875,-118.330534,11.14675242,1.000899989,5.21817552,4.997234002,0.455323942
Bonita,BO3,2021-10-01,36.04034033,-118.332705,6.044343057,0.362421793,5.26481843,2.918584151,0.174957753
Osa,O15,2021-10-01,36.18121809,-118.308561,10.66634389,0.80492923,1.76076984,4.613533703,0.347771602
Osa,O20,2021-10-01,36.18123009,-118.310256,8.934804662,0.661939234,3.235851859,3.693990084,0.273707074
Osa,O4,2021-10-01,36.18078373,-118.308996,13.35271838,0.986994983,4.186201143,7.166873869,0.531409354
Osa,O7,2021-10-01,36.1814894,-118.307975,16.763582,1.256696731,1.393456926,7.503669624,0.563785929
Partnership,P18,2021-10-01,36.15656984,-118.27711,10.64378909,0.876139146,2.763592398,6.012954156,0.494959132
Partnership,P4,2021-10-01,36.15781701,-118.274205,6.797659662,0.521421205,1.53921602,2.247288583,0.173166592
Partnership,P5,2021-10-01,36.15807465,-118.274111,8.572298569,0.65879884,1.101938741,2.669760508,0.204279678
Partnership,P7,2021-10-01,36.15752373,-118.273888,8.789826592,0.753494566,1.440099836,3.252791978,0.279777911
Clover Valley,D13,2019-06-28,39.95544474,-120.4263173,,,6.468788535,,
Clover Valley,D14,2019-06-28,39.95047473,-120.4264405,,,4.681782059,,
Deer,DHA,2019-09-07,39.42866637,-120.6508363,13.32247575,,5.54443652,28.48802663,
Loney,LHA,2019-08-22,39.42058534,-120.6555018,14.55996173,,5.944541665,18.69627342,
Clover Valley,R25,2019-06-28,39.94547401,-120.4271855,,,5.261903248,,
Clover Valley,R26,2019-06-28,39.941533,-120.4275425,,,1.835106978,,
Sardine,SA1A,2021-10-07,39.51372401,-120.113295,10.97453787,0.889708602,2.594511851,3.738021742,0.303210001
Sardine,SA1B,2021-10-07,39.51379098,-120.113413,9.567847684,0.719846344,1.824903841,2.752304054,0.207318016
Sardine,SA2A,2021-10-07,39.51312496,-120.117378,8.138675402,0.595383932,1.154412015,2.188945141,0.160563846
Sardine,SA2B,2021-10-07,39.51300702,-120.1174,10.61477938,0.7874172,0.606357826,2.96925811,0.220855345
Sardine,SA3A,2021-10-07,39.51268499,-120.11738,8.475493443,0.67340055,1.206885287,2.598865701,0.205844553
Sardine,SA3B,2021-10-07,39.51255499,-120.117293,4.140790012,0.355037144,0.851233101,1.367741381,0.117190164
Sardine,SA4B,2021-10-07,39.51315698,-120.119772,9.77394929,0.705290289,1.294340744,3.132953784,0.226030609
Sardine,SA4C,2021-10-07,39.51286001,-120.119931,10.17464436,0.733930578,3.486557498,3.556283203,0.256628046
Sardine,SA5A,2021-10-07,39.51250101,-120.121565,6.596294559,0.516082426,1.148581651,2.012444947,0.158010584
Sardine,SA5B,2021-10-07,39.51236103,-120.121547,4.554798479,0.374338681,0.489750552,1.299441187,0.106666521
Bean,BE18,2019-07-15,37.75472028,-120.14281,,,1.189394196,1.745460788,
Bean,BE2,2019-07-15,37.75339282,-120.141393,6.257232033,0.382084395,2.034796934,1.677845088,0.122804812
Bean,BE20,2019-07-15,37.75377668,-120.143884,6.315393787,0.43553031,1.171903106,1.680884512,0.132489686
Bean,BE24,2019-07-15,37.75351333,-120.143522,5.567145459,0.346916588,1.381796199,1.554811494,0.111061324
Bean,BE4,2019-07-15,37.75376251,-120.141385,6.922441066,0.444743355,1.346814017,1.936627194,0.148519218
Bean,BE6,2019-07-15,37.75338843,-120.140897,4.739816028,0.323721432,2.139743481,1.754650084,0.103070241
Bean,BE8,2019-07-15,37.75263388,-120.142132,6.363660163,0.420222277,1.795752023,1.849628732,0.136098147
Bonita,BO11,2018-07-01,36.04088827,-118.333106,5.706779869,0.582592689,15.70116947,2.830716378,0.275300074
Bonita,BO13,2018-07-01,36.03774023,-118.329693,10.83863202,,6.016935348,12.54980122,0.680587257
Bonita,BO16,2018-07-01,36.03728437,-118.330227,9.326803249,0.605762799,10.41302958,10.77966756,0.631087807
Bonita,BO2,2018-07-01,36.04019003,-118.332431,3.351564021,0.606185941,7.410392274,1.2560171,0.227984668
Bonita,BO21,2018-07-01,36.03646599,-118.330256,15.34073151,0.941910732,7.894312463,8.541118086,0.504793449
Bonita,BO6,2018-07-01,36.0402798,-118.332006,8.354329842,0.554704817,14.84993637,5.360798201,0.357227507
Bonita,BO7,2018-07-01,36.04049153,-118.332985,9.983379077,0.585483429,8.763036654,7.059794357,0.405527431
Deer,D11,2018-07-01,39.42819702,-120.650784,17.25406778,1.18871298,9.67508045,12.98555245,0.890717323
Deer,D14,2018-07-01,39.42932558,-120.650599,15.90901963,0.953586099,8.603342993,10.64204024,0.634910911
Deer,D15,2018-07-01,39.42949452,-120.650322,15.38666844,1.157777891,5.576567977,6.909463559,0.521320885
Deer,D16,2018-07-01,39.42928175,-120.65011,18.11323076,1.313694769,1.960926226,9.335152996,0.685908886
Deer,D20,2018-07-01,39.42890242,-120.650167,13.99112051,,4.987701242,6.572818975,0.496303489
Deer,D21,2018-07-01,39.42906861,-120.649897,20.96007043,1.513347353,5.129029259,10.30145681,0.740526435
Deer,D24,2018-07-01,39.42852742,-120.650225,21.45937666,1.213699493,8.279466288,8.974988086,0.506459976
East Creek,C1,2018-07-01,40.24418042,-120.900972,10.33608643,0.960896948,4.337790599,3.724395483,0.3383212
East Creek,C12,2018-07-01,40.24346585,-120.900515,9.97157474,1.166801731,0.437277278,2.680952118,0.301386605
East Creek,C14,2018-07-01,40.24376207,-120.90226,8.764816771,1.186569948,0.268196731,2.041704578,0.267778769
East Creek,C16,2018-07-01,40.24340594,-120.902429,11.85750587,0.973917848,1.673314384,4.846063615,0.393279115
East Creek,C21,2018-07-01,40.24314264,-120.902276,12.23277755,1.178862213,0.903706375,3.559929121,0.337853291
East Creek,C23,2018-07-01,40.24300747,-120.901803,6.978088187,0.882765025,1.80741275,2.126039408,0.2760323
East Creek,C5,2018-07-01,40.24382567,-120.901141,17.85788974,1.474143794,2.093100571,5.877168717,0.432936366
East Creek,C8,2018-07-01,40.2435983,-120.900989,6.575828645,1.015783239,1.101938741,1.677872872,0.263173791
Goodrich,R11,2018-07-01,40.3652384,-120.950044,6.312399301,0.875801497,0.892045648,1.817009566,0.259901948
Goodrich,R15,2018-07-01,40.36300816,-120.953197,15.27009938,1.168847437,0.542223825,4.781970402,0.372644826
Goodrich,R17,2018-07-01,40.36263427,-120.953173,14.96640347,1.172326096,0.180741275,4.991845146,0.378952621
Goodrich,R22,2018-07-01,40.36268228,-120.952682,14.31633102,1.121208173,0.787099101,4.779088776,0.37237733
Goodrich,R24,2018-07-01,40.3627108,-120.952175,13.37989338,1.132790677,0.075794728,3.761889922,0.333492304
Goodrich,R3,2018-07-01,40.36562882,-120.949073,12.12256193,1.307618139,0.763777646,3.158014785,0.332252319
Goodrich,R5,2018-07-01,40.365631,-120.94956,10.03114116,1.082685473,0.62967928,2.737108937,0.294296603
Goodrich,R7,2018-07-01,40.36563256,-120.950046,9.804460952,1.189671231,0.880384921,2.720137408,0.305291888
Greenville,V1,2018-07-01,40.23818046,-120.909457,9.999476007,0.983212459,1.206885288,3.565024652,0.354048049
Greenville,V12,2018-07-01,40.23787941,-120.910426,15.47609271,1.210972296,2.536208214,5.754235193,0.452235851
Greenville,V14,2018-07-01,40.23923895,-120.909829,13.37524014,1.16477769,2.874369309,5.150978584,0.439752283
Greenville,V21,2018-07-01,40.23927026,-120.910573,14.80664437,1.138889937,2.518717123,5.826738706,0.436841993
Greenville,V23,2018-07-01,40.23890324,-120.910805,12.6109549,1.049199928,4.157049325,4.763116666,0.387351673
Greenville,V5,2018-07-01,40.2383362,-120.909868,14.715686,1.280212576,0.839572375,5.306676321,0.445998449
Greenville,V8,2018-07-01,40.23824721,-120.910194,12.47409621,1.052210811,3.655638046,5.305729195,0.443827882
Loney,L10,2018-07-01,39.42075848,-120.655334,17.93376234,1.365167672,1.613494853,9.843695986,0.748091054
Loney,L11,2018-07-01,39.42049541,-120.655402,15.85924411,1.47949974,3.774635769,9.94595516,0.902661136
Loney,L4,2018-07-01,39.42012524,-120.654793,14.94021713,1.291312467,7.513939534,10.1555804,0.877748488
Loney,L5,2018-07-01,39.4209713,-120.654926,9.250491747,0.510477525,2.755857861,5.425421749,0.301808565
Loney,L6,2018-07-01,39.42070463,-120.654992,13.2373754,1.064684542,4.673691511,10.18742231,0.818889979
Loney,L7,2018-07-01,39.42043978,-120.65506,15.18910028,1.367197437,3.433093063,8.131676889,0.733685971
Martis Control,MC13,2018-07-01,39.30439386,-120.106014,20.62885501,1.450234495,7.802484234,10.58333275,0.747780506
Martis Control,MC15,2018-07-01,39.30384095,-120.10685,7.412203115,0.496638544,5.470571965,2.733105102,0.181535958
Martis Control,MC19,2018-07-01,39.30469082,-120.106923,15.83445291,1.068748662,5.205581934,7.773562013,0.524925951
Martis Control,MC21,2018-07-01,39.30454411,-120.106466,21.539195,1.534211297,4.21628582,8.089210895,0.576085027
Martis Control,MC23,2018-07-01,39.30434091,-120.107112,21.6339332,1.558433605,3.044441018,13.19387811,0.953682875
Martis Control,MC3,2018-07-01,39.30377892,-120.107947,26.52077539,2.084639084,3.474313734,13.70676609,1.076189739
Martis Control,MC7,2018-07-01,39.3034382,-120.108135,15.08366454,0.905932229,7.508050866,9.43347362,0.587407266
Martis Control,MC9,2018-07-01,39.30398804,-120.107308,16.21548602,1.137122618,5.182027265,5.353183373,0.374563694
Middle Martis,MM12,2018-07-01,39.30375737,-120.112489,19.28036844,1.40548193,7.142953491,12.11741521,0.909109098
Middle Martis,MM14,2018-07-01,39.30349845,-120.110056,14.64343233,1.006944152,5.28213461,7.092606899,0.482486184
Middle Martis,MM18,2018-07-01,39.30322014,-120.110415,19.06577503,1.336891056,11.56534267,9.769257907,0.685351288
Middle Martis,MM20,2018-07-01,39.30201298,-120.108478,8.549629111,0.692165102,2.249470926,2.634137132,0.207728608
Middle Martis,MM24,2018-07-01,39.30204346,-120.108973,10.08793014,0.725988467,3.178974418,4.562215031,0.330479008
Middle Martis,MM3,2018-07-01,39.30428043,-120.113822,19.39406545,1.384666404,6.12421404,6.968478026,0.500046983
Middle Martis,MM5,2018-07-01,39.30399766,-120.114133,22.45213794,1.62548579,7.481131244,9.067324746,0.659260737
Middle Martis,MM8,2018-07-01,39.30398376,-120.112171,15.94709147,1.177614424,7.54338287,8.976245413,0.664770517
Osa,O10,2018-07-01,36.18112893,-118.307414,7.127084525,0.705026744,1.294340743,3.29625744,0.324247408
Osa,O12,2018-07-01,36.18126411,-118.308058,13.76658577,0.838394511,4.349451327,10.93402508,0.610363545
Osa,O16,2018-07-01,36.18095129,-118.308515,5.538804479,0.768533958,0.437277278,1.936058665,0.270467723
Osa,O22,2018-07-01,36.18087268,-118.310153,7.610850703,0.8123724,3.037619493,3.281172007,0.317669638
Osa,O4,2018-07-01,36.18078373,-118.308996,11.76361398,0.74621823,1.690805476,8.711091241,0.503443501
Osa,O6,2018-07-01,36.18052454,-118.30958,14.19492354,1.051521728,1.498403473,6.393363797,0.43100499
Partnership,P10,2018-07-01,36.15833266,-118.274809,8.524418571,0.867981209,1.615010747,3.510321113,0.337330639
Partnership,P13,2018-07-01,36.15887679,-118.274212,8.544606226,0.842171005,6.104390803,3.196128236,0.317810156
Partnership,P18,2018-07-01,36.15656984,-118.27711,10.18296593,0.857638713,5.684604616,5.547266037,0.435921905
Partnership,P2,2018-07-01,36.15754705,-118.274217,9.405279009,0.905099396,3.836379321,3.352375754,0.317394865
Partnership,P22,2018-07-01,36.15694296,-118.277125,,,2.454583121,,
Partnership,P8,2018-07-01,36.15725521,-118.273898,9.498468955,0.772901158,7.981767918,4.327143671,0.355209806
Smith,S12,2019-07-15,37.76212504,-120.12188,7.419025687,0.501455946,2.810235308,2.321123003,0.157132253
Smith,S16,2019-07-15,37.76193701,-120.120841,10.13654779,0.685658314,1.545046382,3.239578669,0.219105737
Smith,S18,2019-07-15,37.76014601,-120.119534,7.866298306,0.536982204,2.1688953,2.45266626,0.167976326
Smith,S2,2019-07-15,37.76116716,-120.120232,,,2.017305844,,
Smith,S22,2019-07-15,37.76050971,-120.119759,6.996911233,,0.787099101,1.917190218,0.116100449
Smith,S4,2019-07-15,37.76149567,-120.12077,6.426668791,0.410425516,3.00263731,2.029780429,0.129707243
Smith,S8,2019-07-15,37.76122651,-120.119777,7.23995932,0.500441746,2.821896035,2.193944325,0.15185831
Upper Loney,UL10,2018-07-01,39.42324197,-120.643852,15.03219375,1.07659142,11.18846796,13.38906526,0.94132515
Upper Loney,UL14,2018-07-01,39.42267443,-120.644653,14.51396979,1.040583562,8.962551701,12.87930875,0.922883155
Upper Loney,UL3,2018-07-01,39.42269672,-120.645103,12.27744346,0.938932118,11.58889734,20.84737361,1.576955785
Upper Loney,UL7,2018-07-01,39.42301372,-120.644482,16.74326325,1.364780963,6.98984814,15.73157407,1.315928037
Upper Loney,UL8,2018-07-01,39.42290416,-120.644794,10.06993321,0.630258753,2.897224335,9.691343277,0.606553972
Upper Loney,UL9,2018-07-01,39.42312887,-120.644166,7.503549489,0.543794165,4.01607113,22.2950135,1.617858635
Bean,BE18,2016-06-01,37.75472028,-120.14281,,,,,
Bean,BE2,2016-06-01,37.75339282,-120.141393,23.82526814,,0.0,7.132436418,
Bean,BE20,2016-06-01,37.75377668,-120.143884,7.066598423,,0.0,2.148890233,
Bean,BE24,2016-06-01,37.75351333,-120.143522,6.023794789,,0.0,1.926459589,
Bean,BE4,2016-06-01,37.75376251,-120.141385,5.263597523,,0.0,1.730008962,
Bean,BE6,2016-06-01,37.75338843,-120.140897,5.070618307,,0.0,1.437154574,
Bean,BE8,2016-06-01,37.75263388,-120.142132,8.994209763,,0.36148255,2.641511981,
Bonita,BO11,2016-07-13,36.04088827,-118.333106,13.70369253,,7.474526275,6.528450976,
Bonita,BO13,2016-07-13,36.03774023,-118.329693,9.023286962,,4.664290967,11.55832664,
Bonita,BO16,2016-07-13,36.03728437,-118.330227,7.272930238,,6.308453533,7.722145246,
Bonita,BO17,2016-07-13,36.03738875,-118.330534,15.28571559,,,6.652211689,
Bonita,BO2,2016-07-13,36.04019003,-118.332431,9.149498322,,2.098930935,3.80052937,
Bonita,BO21,2016-07-13,36.03646599,-118.330256,17.87685768,,4.145388597,10.27623386,
Bonita,BO6,2016-07-13,36.0402798,-118.332006,11.22827825,,4.506871147,7.525786853,
Bonita,BO7,2016-07-13,36.04049153,-118.332985,10.17341492,,5.7837208,7.275358463,
Deer,D11,2016-07-13,39.42819702,-120.650784,15.36029841,,4.466058601,12.68443219,
Deer,D12,2016-07-13,39.42802454,-120.651048,15.31258447,,2.302993665,14.57415042,
Deer,D14,2016-07-13,39.42932558,-120.650599,15.47850049,,1.364305108,10.03017655,
Deer,D15,2016-07-13,39.42949452,-120.650322,16.38317721,,0.938688557,7.594368546,
Deer,D16,2016-07-13,39.42928175,-120.65011,17.20538872,,1.545046383,9.593619084,
Deer,D20,2016-07-13,39.42890242,-120.650167,15.93460375,,1.609180384,7.789854527,
Deer,D21,2016-07-13,39.42906861,-120.649897,13.44354158,,1.107769104,9.729834154,
Deer,D24,2016-07-13,39.42852742,-120.650225,14.77328205,,3.480727134,9.358348887,
East Creek,C1,2015-07-04,40.24418042,-120.900972,11.77637762,,0.958114454,4.284204864,
East Creek,C12,2015-07-04,40.24346585,-120.900515,9.521808277,,0.73010747,2.527008054,
East Creek,C14,2015-07-04,40.24376207,-120.90226,7.830767946,,0.0,1.789176797,
East Creek,C16,2015-07-04,40.24340594,-120.902429,11.6658849,,0.623380797,4.816789112,
East Creek,C21,2015-07-04,40.24314264,-120.902276,15.04195084,,0.123705917,4.349883175,
East Creek,C23,2015-07-04,40.24300747,-120.901803,8.002202411,,0.220730165,2.459702315,
East Creek,C5,2015-07-04,40.24382567,-120.901141,15.4298091,,0.451162756,5.101197957,
East Creek,C8,2015-07-04,40.2435983,-120.900989,6.463977837,,0.325031233,1.639645823,
Goodrich,R11,2015-07-04,40.3652384,-120.950044,6.685136038,,1.789921659,1.944773689,
Goodrich,R15,2015-07-04,40.36300816,-120.953197,11.41231139,,0.0,3.637387052,
Goodrich,R17,2015-07-04,40.36263427,-120.953173,13.06467748,,5.293970248,4.268652426,
Goodrich,R22,2015-07-04,40.36268228,-120.952682,12.02649479,,1.096108378,4.002974896,
Goodrich,R24,2015-07-04,40.3627108,-120.952175,13.16289681,,0.483920188,3.973444726,
Goodrich,R3,2015-07-04,40.36562882,-120.949073,15.51839201,,2.37295803,4.082942661,
Goodrich,R5,2015-07-04,40.365631,-120.94956,12.3842364,,0.174910911,3.39224127,
Goodrich,R7,2015-07-04,40.36563256,-120.950046,12.75677349,,0.979501103,3.33268935,
Greenville,V1,2015-07-04,40.23818046,-120.909457,11.73377377,,1.687866506,4.176728774,
Greenville,V12,2015-07-04,40.23787941,-120.910426,13.20989354,,2.153971901,4.834922199,
Greenville,V14,2015-07-04,40.23923895,-120.909829,13.58251433,,0.0,5.20888689,
Greenville,V21,2015-07-04,40.23927026,-120.910573,16.83028248,,2.298747061,6.761000708,
Greenville,V23,2015-07-04,40.23890324,-120.910805,15.11993081,,1.451282707,5.721490525,
Greenville,V5,2015-07-04,40.2383362,-120.909868,16.5387401,,1.366536272,6.282330371,
Greenville,V8,2015-07-04,40.23824721,-120.910194,12.70597988,,0.858057659,5.413309131,
Loney,L10,2016-07-03,39.42075848,-120.655334,13.5849345,,3.259173313,10.83792182,
Loney,L11,2016-07-03,39.42049541,-120.655402,16.01180989,,5.608809888,10.23975036,
Loney,L4,2016-07-03,39.42012524,-120.654793,9.384489833,,7.188838454,8.198680623,
Loney,L5,2016-07-03,39.4209713,-120.654926,14.42026777,,5.288139885,8.180362042,
Loney,L6,2016-07-03,39.42070463,-120.654992,12.20849529,,9.456849936,7.485004481,
Loney,L7,2016-07-03,39.42043978,-120.65506,12.81621075,,6.611632446,8.657938502,
Martis Control,MC13,2016-06-01,39.30439386,-120.106014,13.63563534,,1.323492562,8.68530765,
Martis Control,MC15,2016-06-01,39.30384095,-120.10685,5.268924604,,1.667484021,1.84549365,
Martis Control,MC19,2016-06-01,39.30469082,-120.106923,14.00687731,,1.183563833,6.3311409,
Martis Control,MC21,2016-06-01,39.30454411,-120.106466,13.29092338,,0.029151818,7.02391005,
Martis Control,MC23,2016-06-01,39.30434091,-120.107112,18.06619916,,1.661653657,10.1630741,
Martis Control,MC3,2016-06-01,39.30377892,-120.107947,14.32069179,,0.239044912,8.56356555,
Martis Control,MC7,2016-06-01,39.3034382,-120.108135,15.48259551,,2.273841846,7.52680485,
Martis Control,MC9,2016-06-01,39.30398804,-120.107308,14.18779661,,0.139928729,10.14777835,
Middle Martis,MM12,2016-06-01,39.30375737,-120.112489,16.4197747,,2.489565304,11.90330405,
Middle Martis,MM14,2016-06-01,39.30349845,-120.110056,7.465773037,,0.565545279,5.15115795,
Middle Martis,MM18,2016-06-01,39.30322014,-120.110415,13.10435404,,2.553699305,8.7186971,
Middle Martis,MM20,2016-06-01,39.30201298,-120.108478,4.700366543,,0.058303637,3.09526765,
Middle Martis,MM24,2016-06-01,39.30204346,-120.108973,10.48893833,,0.507241643,4.5112227,
Middle Martis,MM3,2016-06-01,39.30428043,-120.113822,14.44262817,,0.244875276,8.48700235,
Middle Martis,MM5,2016-06-01,39.30399766,-120.114133,17.78773735,,0.466429096,8.0085149,
Middle Martis,MM8,2016-06-01,39.30398376,-120.112171,11.42969551,,0.99116183,7.61496395,
Osa,O10,2016-07-13,36.18112893,-118.307414,7.647737816,,1.381796199,3.552660322,
Osa,O12,2016-07-13,36.18126411,-118.308058,11.51694972,,1.410948018,9.714485542,
Osa,O16,2016-07-13,36.18095129,-118.308515,9.466396481,,1.078617286,3.284601503,
Osa,O22,2016-07-13,36.18087268,-118.310153,10.02784299,,5.538845524,3.991478774,
Osa,O4,2016-07-13,36.18078373,-118.308996,11.77197375,,0.845402738,8.244079726,
Osa,O6,2016-07-13,36.18052454,-118.30958,11.70990831,,0.583036371,6.390837231,
Partnership,P10,2016-07-13,36.15833266,-118.274809,10.03839913,,1.358474744,3.957380243,
Partnership,P13,2016-07-13,36.15887679,-118.274212,8.377516303,,0.15741982,3.123445936,
Partnership,P18,2016-07-13,36.15656984,-118.27711,8.855159844,,2.524547486,4.609022706,
Partnership,P2,2016-07-13,36.15754705,-118.274217,11.09598985,,,3.970793943,
Partnership,P22,2016-07-13,36.15694296,-118.277125,8.795278254,,0.612188189,3.652212367,
Partnership,P8,2016-07-13,36.15725521,-118.273898,9.535551667,,0.104946547,4.210560749,
Smith,S12,2016-06-01,37.76212504,-120.12188,7.498274507,,0.0,2.489694658,
Smith,S16,2016-06-01,37.76193701,-120.120841,13.30616695,,2.786913853,4.078385444,
Smith,S18,2016-06-01,37.76014601,-120.119534,6.50785231,,0.0,2.019935753,
Smith,S2,2016-06-01,37.76116716,-120.120232,5.015318577,,0.0,1.376884671,
Smith,S22,2016-06-01,37.76050971,-120.119759,5.500667809,,0.093285819,1.500654881,
Smith,S4,2016-06-01,37.76149567,-120.12077,,,3.760584592,,
Smith,S8,2016-06-01,37.76122651,-120.119777,9.316829659,,0.0,2.838441815,
Upper Loney,UL10,2016-07-03,39.42324197,-120.643852,11.08298475,,2.851047854,13.70359428,
Upper Loney,UL14,2016-07-03,39.42267443,-120.644653,10.60545343,,3.97630805,11.78772628,
Upper Loney,UL16,2016-07-03,39.42226906,-120.644583,10.23135322,,1.883207478,4.588603062,
Upper Loney,UL3,2016-07-03,39.42269672,-120.645103,16.06250207,,9.112858477,22.75993015,
Upper Loney,UL7,2016-07-03,39.42301372,-120.644482,10.28391668,,7.287954636,13.76665624,
Upper Loney,UL8,2016-07-03,39.42290416,-120.644794,8.827234604,,3.36411986,9.018411293,
Upper Lacey,ULA1,2021-10-15,39.45528496,-120.430683,8.819243801,0.739646207,1.043635103,4.03229613,
Upper Lacey,ULA2,2021-10-15,39.45519997,-120.430439,8.565936473,0.675654355,1.323492562,3.713708374,
Upper Lacey,ULA3,2021-10-15,39.45364303,-120.432238,7.491941157,0.643102334,0.069964364,3.204024581,
Upper Lacey,ULA4,2021-10-15,39.45354798,-120.431887,4.456634669,0.339008294,0.040812546,1.368643463,
Upper Lacey,ULA5,2021-10-15,39.45251198,-120.433988,18.74439002,1.838835535,1.066956559,4.122707356,
Upper Lacey,ULA6,2021-10-15,39.45229598,-120.433845,9.400822657,0.872396664,0.577206008,4.662547485,
Van Norden,NC1,2021-07-01,39.31943518,-120.373859,5.163908748,0.354080227,6.500855535,2.173880195,
Van Norden,NC10,2021-07-01,39.31978512,-120.375709,7.0549608,0.422573131,0.845402738,2.648628483,
Van Norden,NC3,2021-07-01,39.31948816,-120.3741231,7.905192932,0.480104191,3.778075684,2.872346734,
Van Norden,NC5,2021-07-01,39.31926419,-120.37391,3.590637039,0.254086687,1.504233837,1.873351876,
Van Norden,NC6,2021-07-01,39.31971312,-120.375465,10.68440507,0.703052404,1.708296567,4.58193024,
Van Norden,NC8,2021-07-01,39.31995218,-120.375636,7.241051263,0.453525503,2.489565304,2.806941399,
Van Norden,G14,2021-07-01,39.31315364,-120.3709565,7.460745985,0.772048242,1.719957294,4.869869498,
Van Norden,H7,2021-07-01,39.31766474,-120.3707197,8.578405994,0.878564995,2.868538945,4.915485775,
Van Norden,I9,2021-07-01,39.31743986,-120.3745184,6.974511898,0.535328791,1.976493297,3.548130195,
Van Norden,W32,2021-07-01,39.31606025,-120.3722608,8.09208257,0.858067171,1.236037106,4.196589477,
Van Norden,W35,2021-07-01,39.31559693,-120.3706691,3.766741981,0.44987825,0.367312913,3.944386147,
Van Norden,W36,2021-07-01,39.31536826,-120.373224,6.520326637,0.613101124,0.36148255,2.455620133,
Van Norden,NN10,2021-07-01,39.31631346,-120.3651832,7.461718973,0.567766352,2.12225239,3.374576453,
Van Norden,NN2,2021-07-01,39.3162669,-120.3626729,11.63394484,1.016459816,2.792744217,5.181514312,
Van Norden,NN3,2021-07-01,39.31546959,-120.3632974,5.76741449,0.469878367,4.355281691,2.447889097,
Van Norden,NN5,2021-07-01,39.31488082,-120.3636826,7.463073756,0.751342928,1.317662198,3.270316609,
Van Norden,NN7,2021-07-01,39.31751453,-120.3645024,8.201095389,0.768499034,4.192031507,5.064010495,
Van Norden,NN8,2021-07-01,39.31716238,-120.3647212,7.201156161,0.519585512,4.559344421,4.422879007,
Van Norden,NS1,2021-07-01,39.31302811,-120.3646516,5.681179132,0.377101928,5.054925336,2.518412449,
Van Norden,NS10,2021-07-01,39.31165102,-120.3681901,10.10153055,0.742428721,0.588866735,5.038293805,
Van Norden,NS3,2021-07-01,39.31210227,-120.3649675,11.72381001,1.225096141,1.125260196,6.778576703,
Van Norden,NS5,2021-07-01,39.31142099,-120.3651835,7.104989076,0.651059212,1.125260196,5.026246554,
Van Norden,NS6,2021-07-01,39.31312936,-120.3670585,4.761300254,0.297874269,3.165887494,2.131528796,
Van Norden,NS8,2021-07-01,39.31244672,-120.3676056,6.80514998,0.79681009,5.801211891,4.80358007,
